Device: cpu
Protocol: eval_stream_tas

================================================================================
DATASET
================================================================================
Dataset: yearbook
Data root: /Users/lorenzoiovine/Library/CloudStorage/OneDrive-PolitecnicodiMilano/Lavoro/Lavori/Temporal Distribution Shift/moco_embedding/yearbook_embeddings_csv_encoded

Year 1930: valid=154/154 | main_classes=2 | aux_classes=8
Year 1931: valid=176/176 | main_classes=2 | aux_classes=4
Year 1932: valid=243/243 | main_classes=2 | aux_classes=9
Year 1933: valid=272/272 | main_classes=2 | aux_classes=7
Year 1934: valid=326/326 | main_classes=2 | aux_classes=3
Year 1935: valid=492/492 | main_classes=2 | aux_classes=6
Year 1936: valid=154/154 | main_classes=2 | aux_classes=5
Year 1937: valid=307/307 | main_classes=2 | aux_classes=6
Year 1938: valid=402/402 | main_classes=2 | aux_classes=7
Year 1939: valid=160/160 | main_classes=2 | aux_classes=6
Year 1940: valid=402/402 | main_classes=2 | aux_classes=8
Year 1941: valid=93/93 | main_classes=2 | aux_classes=4
Year 1942: valid=220/220 | main_classes=2 | aux_classes=8
Year 1943: valid=704/704 | main_classes=2 | aux_classes=9
Year 1944: valid=858/858 | main_classes=2 | aux_classes=12
Year 1945: valid=834/834 | main_classes=2 | aux_classes=13
Year 1946: valid=404/404 | main_classes=2 | aux_classes=10
Year 1947: valid=379/379 | main_classes=2 | aux_classes=8
Year 1948: valid=406/406 | main_classes=2 | aux_classes=7
Year 1949: valid=178/178 | main_classes=2 | aux_classes=8
Year 1950: valid=387/387 | main_classes=2 | aux_classes=11
Year 1951: valid=222/222 | main_classes=2 | aux_classes=7
Year 1952: valid=328/328 | main_classes=2 | aux_classes=8
Year 1953: valid=267/267 | main_classes=2 | aux_classes=7
Year 1954: valid=581/581 | main_classes=2 | aux_classes=10
Year 1955: valid=748/748 | main_classes=2 | aux_classes=9
Year 1956: valid=269/269 | main_classes=2 | aux_classes=6
Year 1957: valid=233/233 | main_classes=2 | aux_classes=6
Year 1958: valid=272/272 | main_classes=2 | aux_classes=7
Year 1959: valid=503/503 | main_classes=2 | aux_classes=8
Year 1960: valid=299/299 | main_classes=2 | aux_classes=8
Year 1961: valid=367/367 | main_classes=2 | aux_classes=7
Year 1962: valid=411/411 | main_classes=2 | aux_classes=8
Year 1963: valid=259/259 | main_classes=2 | aux_classes=9
Year 1964: valid=313/313 | main_classes=2 | aux_classes=9
Year 1965: valid=651/651 | main_classes=2 | aux_classes=8
Year 1966: valid=487/487 | main_classes=2 | aux_classes=5
Year 1967: valid=1036/1036 | main_classes=2 | aux_classes=6
Year 1968: valid=336/336 | main_classes=2 | aux_classes=6
Year 1969: valid=617/617 | main_classes=2 | aux_classes=9
Year 1970: valid=828/828 | main_classes=2 | aux_classes=11
Year 1971: valid=198/198 | main_classes=2 | aux_classes=4
Year 1972: valid=478/478 | main_classes=2 | aux_classes=6
Year 1973: valid=313/313 | main_classes=2 | aux_classes=5
Year 1974: valid=769/769 | main_classes=2 | aux_classes=10
Year 1975: valid=819/819 | main_classes=2 | aux_classes=9
Year 1976: valid=358/358 | main_classes=2 | aux_classes=5
Year 1977: valid=542/542 | main_classes=2 | aux_classes=5
Year 1978: valid=234/234 | main_classes=2 | aux_classes=4
Year 1979: valid=637/637 | main_classes=2 | aux_classes=5
Year 1980: valid=602/602 | main_classes=2 | aux_classes=7
Year 1981: valid=255/255 | main_classes=2 | aux_classes=3
Year 1982: valid=494/494 | main_classes=2 | aux_classes=6
Year 1983: valid=404/404 | main_classes=2 | aux_classes=5
Year 1984: valid=1197/1197 | main_classes=2 | aux_classes=7
Year 1985: valid=497/497 | main_classes=2 | aux_classes=7
Year 1986: valid=273/273 | main_classes=2 | aux_classes=4
Year 1987: valid=583/583 | main_classes=2 | aux_classes=9
Year 1988: valid=360/360 | main_classes=2 | aux_classes=4
Year 1989: valid=777/777 | main_classes=2 | aux_classes=6
Year 1990: valid=801/801 | main_classes=2 | aux_classes=6
Year 1991: valid=428/428 | main_classes=2 | aux_classes=4
Year 1992: valid=472/472 | main_classes=2 | aux_classes=5
Year 1993: valid=223/223 | main_classes=2 | aux_classes=5
Year 1994: valid=532/532 | main_classes=2 | aux_classes=7
Year 1995: valid=637/637 | main_classes=2 | aux_classes=6
Year 1996: valid=417/417 | main_classes=2 | aux_classes=5
Year 1997: valid=507/507 | main_classes=2 | aux_classes=5
Year 1998: valid=634/634 | main_classes=2 | aux_classes=4
Year 1999: valid=656/656 | main_classes=2 | aux_classes=9
Year 2000: valid=458/458 | main_classes=2 | aux_classes=7
Year 2001: valid=627/627 | main_classes=2 | aux_classes=8
Year 2002: valid=717/717 | main_classes=2 | aux_classes=9
Year 2003: valid=411/411 | main_classes=2 | aux_classes=5
Year 2004: valid=508/508 | main_classes=2 | aux_classes=7
Year 2005: valid=442/442 | main_classes=2 | aux_classes=6
Year 2006: valid=70/70 | main_classes=2 | aux_classes=3
Year 2007: valid=243/243 | main_classes=2 | aux_classes=4
Year 2008: valid=306/306 | main_classes=2 | aux_classes=7
Year 2009: valid=505/505 | main_classes=2 | aux_classes=7
Year 2010: valid=521/521 | main_classes=2 | aux_classes=5
Year 2011: valid=87/87 | main_classes=2 | aux_classes=2
Year 2012: valid=126/126 | main_classes=2 | aux_classes=4
Year 2013: valid=493/493 | main_classes=2 | aux_classes=3

Years: 1930-2013
Number of years: 84
Feature dimension: 2048
Total valid samples: 37189

================================================================================
Source year 1930 | train_n=107 | val_n=16 | id_n=31
================================================================================
[Source 1930 | Single Head] epoch 1/50 | train_loss=0.511519 | val_loss=0.685321 | best_val_loss=0.685321 | best_epoch=1 | patience=0/5
[Source 1930 | Single Head] epoch 2/50 | train_loss=0.171210 | val_loss=0.680499 | best_val_loss=0.680499 | best_epoch=2 | patience=0/5
[Source 1930 | Single Head] epoch 3/50 | train_loss=0.126812 | val_loss=0.674546 | best_val_loss=0.674546 | best_epoch=3 | patience=0/5
[Source 1930 | Single Head] epoch 4/50 | train_loss=0.057558 | val_loss=0.666815 | best_val_loss=0.666815 | best_epoch=4 | patience=0/5
[Source 1930 | Single Head] epoch 5/50 | train_loss=0.036965 | val_loss=0.658064 | best_val_loss=0.658064 | best_epoch=5 | patience=0/5
[Source 1930 | Single Head] epoch 6/50 | train_loss=0.029399 | val_loss=0.646764 | best_val_loss=0.646764 | best_epoch=6 | patience=0/5
[Source 1930 | Single Head] epoch 7/50 | train_loss=0.019381 | val_loss=0.632840 | best_val_loss=0.632840 | best_epoch=7 | patience=0/5
[Source 1930 | Single Head] epoch 8/50 | train_loss=0.018333 | val_loss=0.615248 | best_val_loss=0.615248 | best_epoch=8 | patience=0/5
[Source 1930 | Single Head] epoch 9/50 | train_loss=0.016196 | val_loss=0.594120 | best_val_loss=0.594120 | best_epoch=9 | patience=0/5
[Source 1930 | Single Head] epoch 10/50 | train_loss=0.009244 | val_loss=0.567890 | best_val_loss=0.567890 | best_epoch=10 | patience=0/5
[Source 1930 | Single Head] epoch 11/50 | train_loss=0.009787 | val_loss=0.539440 | best_val_loss=0.539440 | best_epoch=11 | patience=0/5
[Source 1930 | Single Head] epoch 12/50 | train_loss=0.014346 | val_loss=0.504510 | best_val_loss=0.504510 | best_epoch=12 | patience=0/5
[Source 1930 | Single Head] epoch 13/50 | train_loss=0.006059 | val_loss=0.463358 | best_val_loss=0.463358 | best_epoch=13 | patience=0/5
[Source 1930 | Single Head] epoch 14/50 | train_loss=0.009399 | val_loss=0.416173 | best_val_loss=0.416173 | best_epoch=14 | patience=0/5
[Source 1930 | Single Head] epoch 15/50 | train_loss=0.004425 | val_loss=0.363603 | best_val_loss=0.363603 | best_epoch=15 | patience=0/5
[Source 1930 | Single Head] epoch 16/50 | train_loss=0.003225 | val_loss=0.312595 | best_val_loss=0.312595 | best_epoch=16 | patience=0/5
[Source 1930 | Single Head] epoch 17/50 | train_loss=0.003169 | val_loss=0.256550 | best_val_loss=0.256550 | best_epoch=17 | patience=0/5
[Source 1930 | Single Head] epoch 18/50 | train_loss=0.003469 | val_loss=0.206758 | best_val_loss=0.206758 | best_epoch=18 | patience=0/5
[Source 1930 | Single Head] epoch 19/50 | train_loss=0.003709 | val_loss=0.163546 | best_val_loss=0.163546 | best_epoch=19 | patience=0/5
[Source 1930 | Single Head] epoch 20/50 | train_loss=0.002519 | val_loss=0.131047 | best_val_loss=0.131047 | best_epoch=20 | patience=0/5
[Source 1930 | Single Head] epoch 21/50 | train_loss=0.003060 | val_loss=0.100187 | best_val_loss=0.100187 | best_epoch=21 | patience=0/5
[Source 1930 | Single Head] epoch 22/50 | train_loss=0.003482 | val_loss=0.084720 | best_val_loss=0.084720 | best_epoch=22 | patience=0/5
[Source 1930 | Single Head] epoch 23/50 | train_loss=0.002346 | val_loss=0.069156 | best_val_loss=0.069156 | best_epoch=23 | patience=0/5
[Source 1930 | Single Head] epoch 24/50 | train_loss=0.002020 | val_loss=0.060269 | best_val_loss=0.060269 | best_epoch=24 | patience=0/5
[Source 1930 | Single Head] epoch 25/50 | train_loss=0.002626 | val_loss=0.051325 | best_val_loss=0.051325 | best_epoch=25 | patience=0/5
[Source 1930 | Single Head] epoch 26/50 | train_loss=0.002046 | val_loss=0.042258 | best_val_loss=0.042258 | best_epoch=26 | patience=0/5
[Source 1930 | Single Head] epoch 27/50 | train_loss=0.006218 | val_loss=0.029224 | best_val_loss=0.029224 | best_epoch=27 | patience=0/5
[Source 1930 | Single Head] epoch 28/50 | train_loss=0.001939 | val_loss=0.016058 | best_val_loss=0.016058 | best_epoch=28 | patience=0/5
[Source 1930 | Single Head] epoch 29/50 | train_loss=0.001905 | val_loss=0.014146 | best_val_loss=0.014146 | best_epoch=29 | patience=0/5
[Source 1930 | Single Head] epoch 30/50 | train_loss=0.001970 | val_loss=0.015332 | best_val_loss=0.014146 | best_epoch=29 | patience=1/5
[Source 1930 | Single Head] epoch 31/50 | train_loss=0.001757 | val_loss=0.018176 | best_val_loss=0.014146 | best_epoch=29 | patience=2/5
[Source 1930 | Single Head] epoch 32/50 | train_loss=0.001766 | val_loss=0.023443 | best_val_loss=0.014146 | best_epoch=29 | patience=3/5
[Source 1930 | Single Head] epoch 33/50 | train_loss=0.001471 | val_loss=0.028151 | best_val_loss=0.014146 | best_epoch=29 | patience=4/5
[Source 1930 | Single Head] epoch 34/50 | train_loss=0.001778 | val_loss=0.032490 | best_val_loss=0.014146 | best_epoch=29 | patience=5/5
[Source 1930 | Single Head] EARLY STOP at epoch 34 | best_epoch=29 | best_val_loss=0.014146
[Source 1930 | Single Head] TRAINING FINISHED | executed_epochs=34 | best_epoch=29 | best_val_loss=0.014146 | stopped_early=True

================================================================================
Source year 1931 | train_n=122 | val_n=18 | id_n=36
================================================================================
[Source 1931 | Single Head] epoch 1/50 | train_loss=0.134556 | val_loss=0.231979 | best_val_loss=0.231979 | best_epoch=1 | patience=0/5
[Source 1931 | Single Head] epoch 2/50 | train_loss=0.079254 | val_loss=0.158165 | best_val_loss=0.158165 | best_epoch=2 | patience=0/5
[Source 1931 | Single Head] epoch 3/50 | train_loss=0.040006 | val_loss=0.142685 | best_val_loss=0.142685 | best_epoch=3 | patience=0/5
[Source 1931 | Single Head] epoch 4/50 | train_loss=0.029877 | val_loss=0.221565 | best_val_loss=0.142685 | best_epoch=3 | patience=1/5
[Source 1931 | Single Head] epoch 5/50 | train_loss=0.016110 | val_loss=0.281976 | best_val_loss=0.142685 | best_epoch=3 | patience=2/5
[Source 1931 | Single Head] epoch 6/50 | train_loss=0.028292 | val_loss=0.316742 | best_val_loss=0.142685 | best_epoch=3 | patience=3/5
[Source 1931 | Single Head] epoch 7/50 | train_loss=0.009861 | val_loss=0.299393 | best_val_loss=0.142685 | best_epoch=3 | patience=4/5
[Source 1931 | Single Head] epoch 8/50 | train_loss=0.014023 | val_loss=0.290146 | best_val_loss=0.142685 | best_epoch=3 | patience=5/5
[Source 1931 | Single Head] EARLY STOP at epoch 8 | best_epoch=3 | best_val_loss=0.142685
[Source 1931 | Single Head] TRAINING FINISHED | executed_epochs=8 | best_epoch=3 | best_val_loss=0.142685 | stopped_early=True

================================================================================
Source year 1932 | train_n=169 | val_n=25 | id_n=49
================================================================================
[Source 1932 | Single Head] epoch 1/50 | train_loss=0.152310 | val_loss=0.120609 | best_val_loss=0.120609 | best_epoch=1 | patience=0/5
[Source 1932 | Single Head] epoch 2/50 | train_loss=0.098076 | val_loss=0.137631 | best_val_loss=0.120609 | best_epoch=1 | patience=1/5
[Source 1932 | Single Head] epoch 3/50 | train_loss=0.046545 | val_loss=0.182876 | best_val_loss=0.120609 | best_epoch=1 | patience=2/5
[Source 1932 | Single Head] epoch 4/50 | train_loss=0.038593 | val_loss=0.164862 | best_val_loss=0.120609 | best_epoch=1 | patience=3/5
[Source 1932 | Single Head] epoch 5/50 | train_loss=0.020673 | val_loss=0.132689 | best_val_loss=0.120609 | best_epoch=1 | patience=4/5
[Source 1932 | Single Head] epoch 6/50 | train_loss=0.064034 | val_loss=0.108466 | best_val_loss=0.108466 | best_epoch=6 | patience=0/5
[Source 1932 | Single Head] epoch 7/50 | train_loss=0.043298 | val_loss=0.049866 | best_val_loss=0.049866 | best_epoch=7 | patience=0/5
[Source 1932 | Single Head] epoch 8/50 | train_loss=0.012356 | val_loss=0.032092 | best_val_loss=0.032092 | best_epoch=8 | patience=0/5
[Source 1932 | Single Head] epoch 9/50 | train_loss=0.014784 | val_loss=0.027895 | best_val_loss=0.027895 | best_epoch=9 | patience=0/5
[Source 1932 | Single Head] epoch 10/50 | train_loss=0.027798 | val_loss=0.038805 | best_val_loss=0.027895 | best_epoch=9 | patience=1/5
[Source 1932 | Single Head] epoch 11/50 | train_loss=0.016973 | val_loss=0.045513 | best_val_loss=0.027895 | best_epoch=9 | patience=2/5
[Source 1932 | Single Head] epoch 12/50 | train_loss=0.009516 | val_loss=0.077823 | best_val_loss=0.027895 | best_epoch=9 | patience=3/5
[Source 1932 | Single Head] epoch 13/50 | train_loss=0.013926 | val_loss=0.084287 | best_val_loss=0.027895 | best_epoch=9 | patience=4/5
[Source 1932 | Single Head] epoch 14/50 | train_loss=0.009322 | val_loss=0.094549 | best_val_loss=0.027895 | best_epoch=9 | patience=5/5
[Source 1932 | Single Head] EARLY STOP at epoch 14 | best_epoch=9 | best_val_loss=0.027895
[Source 1932 | Single Head] TRAINING FINISHED | executed_epochs=14 | best_epoch=9 | best_val_loss=0.027895 | stopped_early=True

================================================================================
Source year 1933 | train_n=189 | val_n=28 | id_n=55
================================================================================
[Source 1933 | Single Head] epoch 1/50 | train_loss=0.184611 | val_loss=0.029986 | best_val_loss=0.029986 | best_epoch=1 | patience=0/5
[Source 1933 | Single Head] epoch 2/50 | train_loss=0.098304 | val_loss=0.030468 | best_val_loss=0.029986 | best_epoch=1 | patience=1/5
[Source 1933 | Single Head] epoch 3/50 | train_loss=0.147172 | val_loss=0.035681 | best_val_loss=0.029986 | best_epoch=1 | patience=2/5
[Source 1933 | Single Head] epoch 4/50 | train_loss=0.060052 | val_loss=0.033475 | best_val_loss=0.029986 | best_epoch=1 | patience=3/5
[Source 1933 | Single Head] epoch 5/50 | train_loss=0.042749 | val_loss=0.031343 | best_val_loss=0.029986 | best_epoch=1 | patience=4/5
[Source 1933 | Single Head] epoch 6/50 | train_loss=0.022118 | val_loss=0.027440 | best_val_loss=0.027440 | best_epoch=6 | patience=0/5
[Source 1933 | Single Head] epoch 7/50 | train_loss=0.024907 | val_loss=0.025262 | best_val_loss=0.025262 | best_epoch=7 | patience=0/5
[Source 1933 | Single Head] epoch 8/50 | train_loss=0.016709 | val_loss=0.024640 | best_val_loss=0.024640 | best_epoch=8 | patience=0/5
[Source 1933 | Single Head] epoch 9/50 | train_loss=0.020055 | val_loss=0.023797 | best_val_loss=0.023797 | best_epoch=9 | patience=0/5
[Source 1933 | Single Head] epoch 10/50 | train_loss=0.010649 | val_loss=0.023867 | best_val_loss=0.023797 | best_epoch=9 | patience=1/5
[Source 1933 | Single Head] epoch 11/50 | train_loss=0.017892 | val_loss=0.022419 | best_val_loss=0.022419 | best_epoch=11 | patience=0/5
[Source 1933 | Single Head] epoch 12/50 | train_loss=0.010233 | val_loss=0.020700 | best_val_loss=0.020700 | best_epoch=12 | patience=0/5
[Source 1933 | Single Head] epoch 13/50 | train_loss=0.008111 | val_loss=0.019093 | best_val_loss=0.019093 | best_epoch=13 | patience=0/5
[Source 1933 | Single Head] epoch 14/50 | train_loss=0.011607 | val_loss=0.018469 | best_val_loss=0.018469 | best_epoch=14 | patience=0/5
[Source 1933 | Single Head] epoch 15/50 | train_loss=0.017112 | val_loss=0.018098 | best_val_loss=0.018098 | best_epoch=15 | patience=0/5
[Source 1933 | Single Head] epoch 16/50 | train_loss=0.011080 | val_loss=0.018525 | best_val_loss=0.018098 | best_epoch=15 | patience=1/5
[Source 1933 | Single Head] epoch 17/50 | train_loss=0.005942 | val_loss=0.018664 | best_val_loss=0.018098 | best_epoch=15 | patience=2/5
[Source 1933 | Single Head] epoch 18/50 | train_loss=0.016836 | val_loss=0.017996 | best_val_loss=0.017996 | best_epoch=18 | patience=0/5
[Source 1933 | Single Head] epoch 19/50 | train_loss=0.009774 | val_loss=0.017952 | best_val_loss=0.017996 | best_epoch=18 | patience=1/5
[Source 1933 | Single Head] epoch 20/50 | train_loss=0.006502 | val_loss=0.018196 | best_val_loss=0.017996 | best_epoch=18 | patience=2/5
[Source 1933 | Single Head] epoch 21/50 | train_loss=0.005430 | val_loss=0.017657 | best_val_loss=0.017657 | best_epoch=21 | patience=0/5
[Source 1933 | Single Head] epoch 22/50 | train_loss=0.007503 | val_loss=0.017632 | best_val_loss=0.017657 | best_epoch=21 | patience=1/5
[Source 1933 | Single Head] epoch 23/50 | train_loss=0.004798 | val_loss=0.017150 | best_val_loss=0.017150 | best_epoch=23 | patience=0/5
[Source 1933 | Single Head] epoch 24/50 | train_loss=0.003990 | val_loss=0.016857 | best_val_loss=0.016857 | best_epoch=24 | patience=0/5
[Source 1933 | Single Head] epoch 25/50 | train_loss=0.004776 | val_loss=0.016347 | best_val_loss=0.016347 | best_epoch=25 | patience=0/5
[Source 1933 | Single Head] epoch 26/50 | train_loss=0.007820 | val_loss=0.015905 | best_val_loss=0.015905 | best_epoch=26 | patience=0/5
[Source 1933 | Single Head] epoch 27/50 | train_loss=0.007178 | val_loss=0.015966 | best_val_loss=0.015905 | best_epoch=26 | patience=1/5
[Source 1933 | Single Head] epoch 28/50 | train_loss=0.004771 | val_loss=0.015845 | best_val_loss=0.015905 | best_epoch=26 | patience=2/5
[Source 1933 | Single Head] epoch 29/50 | train_loss=0.002929 | val_loss=0.015271 | best_val_loss=0.015271 | best_epoch=29 | patience=0/5
[Source 1933 | Single Head] epoch 30/50 | train_loss=0.004794 | val_loss=0.014697 | best_val_loss=0.014697 | best_epoch=30 | patience=0/5
[Source 1933 | Single Head] epoch 31/50 | train_loss=0.002441 | val_loss=0.014730 | best_val_loss=0.014697 | best_epoch=30 | patience=1/5
[Source 1933 | Single Head] epoch 32/50 | train_loss=0.004841 | val_loss=0.015030 | best_val_loss=0.014697 | best_epoch=30 | patience=2/5
[Source 1933 | Single Head] epoch 33/50 | train_loss=0.002989 | val_loss=0.015666 | best_val_loss=0.014697 | best_epoch=30 | patience=3/5
[Source 1933 | Single Head] epoch 34/50 | train_loss=0.002674 | val_loss=0.015515 | best_val_loss=0.014697 | best_epoch=30 | patience=4/5
[Source 1933 | Single Head] epoch 35/50 | train_loss=0.003751 | val_loss=0.015364 | best_val_loss=0.014697 | best_epoch=30 | patience=5/5
[Source 1933 | Single Head] EARLY STOP at epoch 35 | best_epoch=30 | best_val_loss=0.014697
[Source 1933 | Single Head] TRAINING FINISHED | executed_epochs=35 | best_epoch=30 | best_val_loss=0.014697 | stopped_early=True

================================================================================
Source year 1934 | train_n=227 | val_n=33 | id_n=66
================================================================================
[Source 1934 | Single Head] epoch 1/50 | train_loss=0.054965 | val_loss=0.206466 | best_val_loss=0.206466 | best_epoch=1 | patience=0/5
[Source 1934 | Single Head] epoch 2/50 | train_loss=0.034184 | val_loss=0.187835 | best_val_loss=0.187835 | best_epoch=2 | patience=0/5
[Source 1934 | Single Head] epoch 3/50 | train_loss=0.018074 | val_loss=0.159329 | best_val_loss=0.159329 | best_epoch=3 | patience=0/5
[Source 1934 | Single Head] epoch 4/50 | train_loss=0.016084 | val_loss=0.151172 | best_val_loss=0.151172 | best_epoch=4 | patience=0/5
[Source 1934 | Single Head] epoch 5/50 | train_loss=0.018473 | val_loss=0.185610 | best_val_loss=0.151172 | best_epoch=4 | patience=1/5
[Source 1934 | Single Head] epoch 6/50 | train_loss=0.009554 | val_loss=0.178583 | best_val_loss=0.151172 | best_epoch=4 | patience=2/5
[Source 1934 | Single Head] epoch 7/50 | train_loss=0.034050 | val_loss=0.169575 | best_val_loss=0.151172 | best_epoch=4 | patience=3/5
[Source 1934 | Single Head] epoch 8/50 | train_loss=0.015694 | val_loss=0.109978 | best_val_loss=0.109978 | best_epoch=8 | patience=0/5
[Source 1934 | Single Head] epoch 9/50 | train_loss=0.006867 | val_loss=0.111502 | best_val_loss=0.109978 | best_epoch=8 | patience=1/5
[Source 1934 | Single Head] epoch 10/50 | train_loss=0.007251 | val_loss=0.119673 | best_val_loss=0.109978 | best_epoch=8 | patience=2/5
[Source 1934 | Single Head] epoch 11/50 | train_loss=0.004712 | val_loss=0.136350 | best_val_loss=0.109978 | best_epoch=8 | patience=3/5
[Source 1934 | Single Head] epoch 12/50 | train_loss=0.007029 | val_loss=0.135363 | best_val_loss=0.109978 | best_epoch=8 | patience=4/5
[Source 1934 | Single Head] epoch 13/50 | train_loss=0.005411 | val_loss=0.173246 | best_val_loss=0.109978 | best_epoch=8 | patience=5/5
[Source 1934 | Single Head] EARLY STOP at epoch 13 | best_epoch=8 | best_val_loss=0.109978
[Source 1934 | Single Head] TRAINING FINISHED | executed_epochs=13 | best_epoch=8 | best_val_loss=0.109978 | stopped_early=True

================================================================================
Source year 1935 | train_n=343 | val_n=50 | id_n=99
================================================================================
[Source 1935 | Single Head] epoch 1/50 | train_loss=0.072002 | val_loss=0.079221 | best_val_loss=0.079221 | best_epoch=1 | patience=0/5
[Source 1935 | Single Head] epoch 2/50 | train_loss=0.033066 | val_loss=0.060566 | best_val_loss=0.060566 | best_epoch=2 | patience=0/5
[Source 1935 | Single Head] epoch 3/50 | train_loss=0.027435 | val_loss=0.062513 | best_val_loss=0.060566 | best_epoch=2 | patience=1/5
[Source 1935 | Single Head] epoch 4/50 | train_loss=0.016889 | val_loss=0.077684 | best_val_loss=0.060566 | best_epoch=2 | patience=2/5
[Source 1935 | Single Head] epoch 5/50 | train_loss=0.011536 | val_loss=0.058994 | best_val_loss=0.058994 | best_epoch=5 | patience=0/5
[Source 1935 | Single Head] epoch 6/50 | train_loss=0.006888 | val_loss=0.054497 | best_val_loss=0.054497 | best_epoch=6 | patience=0/5
[Source 1935 | Single Head] epoch 7/50 | train_loss=0.008897 | val_loss=0.057014 | best_val_loss=0.054497 | best_epoch=6 | patience=1/5
[Source 1935 | Single Head] epoch 8/50 | train_loss=0.009446 | val_loss=0.054710 | best_val_loss=0.054497 | best_epoch=6 | patience=2/5
[Source 1935 | Single Head] epoch 9/50 | train_loss=0.007731 | val_loss=0.052253 | best_val_loss=0.052253 | best_epoch=9 | patience=0/5
[Source 1935 | Single Head] epoch 10/50 | train_loss=0.007560 | val_loss=0.050205 | best_val_loss=0.050205 | best_epoch=10 | patience=0/5
[Source 1935 | Single Head] epoch 11/50 | train_loss=0.006559 | val_loss=0.046275 | best_val_loss=0.046275 | best_epoch=11 | patience=0/5
[Source 1935 | Single Head] epoch 12/50 | train_loss=0.005436 | val_loss=0.052764 | best_val_loss=0.046275 | best_epoch=11 | patience=1/5
[Source 1935 | Single Head] epoch 13/50 | train_loss=0.004627 | val_loss=0.050528 | best_val_loss=0.046275 | best_epoch=11 | patience=2/5
[Source 1935 | Single Head] epoch 14/50 | train_loss=0.011419 | val_loss=0.050249 | best_val_loss=0.046275 | best_epoch=11 | patience=3/5
[Source 1935 | Single Head] epoch 15/50 | train_loss=0.006817 | val_loss=0.041259 | best_val_loss=0.041259 | best_epoch=15 | patience=0/5
[Source 1935 | Single Head] epoch 16/50 | train_loss=0.006860 | val_loss=0.050010 | best_val_loss=0.041259 | best_epoch=15 | patience=1/5
[Source 1935 | Single Head] epoch 17/50 | train_loss=0.003253 | val_loss=0.052173 | best_val_loss=0.041259 | best_epoch=15 | patience=2/5
[Source 1935 | Single Head] epoch 18/50 | train_loss=0.008553 | val_loss=0.045199 | best_val_loss=0.041259 | best_epoch=15 | patience=3/5
[Source 1935 | Single Head] epoch 19/50 | train_loss=0.012847 | val_loss=0.041342 | best_val_loss=0.041259 | best_epoch=15 | patience=4/5
[Source 1935 | Single Head] epoch 20/50 | train_loss=0.003413 | val_loss=0.031107 | best_val_loss=0.031107 | best_epoch=20 | patience=0/5
[Source 1935 | Single Head] epoch 21/50 | train_loss=0.001974 | val_loss=0.031278 | best_val_loss=0.031107 | best_epoch=20 | patience=1/5
[Source 1935 | Single Head] epoch 22/50 | train_loss=0.004050 | val_loss=0.023025 | best_val_loss=0.023025 | best_epoch=22 | patience=0/5
[Source 1935 | Single Head] epoch 23/50 | train_loss=0.003208 | val_loss=0.022633 | best_val_loss=0.022633 | best_epoch=23 | patience=0/5
[Source 1935 | Single Head] epoch 24/50 | train_loss=0.003371 | val_loss=0.025547 | best_val_loss=0.022633 | best_epoch=23 | patience=1/5
[Source 1935 | Single Head] epoch 25/50 | train_loss=0.004926 | val_loss=0.034944 | best_val_loss=0.022633 | best_epoch=23 | patience=2/5
[Source 1935 | Single Head] epoch 26/50 | train_loss=0.002111 | val_loss=0.038932 | best_val_loss=0.022633 | best_epoch=23 | patience=3/5
[Source 1935 | Single Head] epoch 27/50 | train_loss=0.004004 | val_loss=0.033427 | best_val_loss=0.022633 | best_epoch=23 | patience=4/5
[Source 1935 | Single Head] epoch 28/50 | train_loss=0.001485 | val_loss=0.029012 | best_val_loss=0.022633 | best_epoch=23 | patience=5/5
[Source 1935 | Single Head] EARLY STOP at epoch 28 | best_epoch=23 | best_val_loss=0.022633
[Source 1935 | Single Head] TRAINING FINISHED | executed_epochs=28 | best_epoch=23 | best_val_loss=0.022633 | stopped_early=True

================================================================================
Source year 1936 | train_n=107 | val_n=16 | id_n=31
================================================================================
[Source 1936 | Single Head] epoch 1/50 | train_loss=0.086934 | val_loss=0.025952 | best_val_loss=0.025952 | best_epoch=1 | patience=0/5
[Source 1936 | Single Head] epoch 2/50 | train_loss=0.012745 | val_loss=0.020253 | best_val_loss=0.020253 | best_epoch=2 | patience=0/5
[Source 1936 | Single Head] epoch 3/50 | train_loss=0.007998 | val_loss=0.025421 | best_val_loss=0.020253 | best_epoch=2 | patience=1/5
[Source 1936 | Single Head] epoch 4/50 | train_loss=0.010102 | val_loss=0.031655 | best_val_loss=0.020253 | best_epoch=2 | patience=2/5
[Source 1936 | Single Head] epoch 5/50 | train_loss=0.006676 | val_loss=0.033216 | best_val_loss=0.020253 | best_epoch=2 | patience=3/5
[Source 1936 | Single Head] epoch 6/50 | train_loss=0.004768 | val_loss=0.039600 | best_val_loss=0.020253 | best_epoch=2 | patience=4/5
[Source 1936 | Single Head] epoch 7/50 | train_loss=0.002658 | val_loss=0.039450 | best_val_loss=0.020253 | best_epoch=2 | patience=5/5
[Source 1936 | Single Head] EARLY STOP at epoch 7 | best_epoch=2 | best_val_loss=0.020253
[Source 1936 | Single Head] TRAINING FINISHED | executed_epochs=7 | best_epoch=2 | best_val_loss=0.020253 | stopped_early=True

================================================================================
Source year 1937 | train_n=214 | val_n=31 | id_n=62
================================================================================
[Source 1937 | Single Head] epoch 1/50 | train_loss=0.169647 | val_loss=0.012822 | best_val_loss=0.012822 | best_epoch=1 | patience=0/5
[Source 1937 | Single Head] epoch 2/50 | train_loss=0.070335 | val_loss=0.013708 | best_val_loss=0.012822 | best_epoch=1 | patience=1/5
[Source 1937 | Single Head] epoch 3/50 | train_loss=0.049842 | val_loss=0.012255 | best_val_loss=0.012255 | best_epoch=3 | patience=0/5
[Source 1937 | Single Head] epoch 4/50 | train_loss=0.029810 | val_loss=0.012382 | best_val_loss=0.012255 | best_epoch=3 | patience=1/5
[Source 1937 | Single Head] epoch 5/50 | train_loss=0.018719 | val_loss=0.009798 | best_val_loss=0.009798 | best_epoch=5 | patience=0/5
[Source 1937 | Single Head] epoch 6/50 | train_loss=0.015074 | val_loss=0.007021 | best_val_loss=0.007021 | best_epoch=6 | patience=0/5
[Source 1937 | Single Head] epoch 7/50 | train_loss=0.008662 | val_loss=0.003906 | best_val_loss=0.003906 | best_epoch=7 | patience=0/5
[Source 1937 | Single Head] epoch 8/50 | train_loss=0.010390 | val_loss=0.002858 | best_val_loss=0.002858 | best_epoch=8 | patience=0/5
[Source 1937 | Single Head] epoch 9/50 | train_loss=0.005266 | val_loss=0.002689 | best_val_loss=0.002689 | best_epoch=9 | patience=0/5
[Source 1937 | Single Head] epoch 10/50 | train_loss=0.006345 | val_loss=0.002265 | best_val_loss=0.002265 | best_epoch=10 | patience=0/5
[Source 1937 | Single Head] epoch 11/50 | train_loss=0.008853 | val_loss=0.002441 | best_val_loss=0.002265 | best_epoch=10 | patience=1/5
[Source 1937 | Single Head] epoch 12/50 | train_loss=0.002958 | val_loss=0.002871 | best_val_loss=0.002265 | best_epoch=10 | patience=2/5
[Source 1937 | Single Head] epoch 13/50 | train_loss=0.004286 | val_loss=0.002420 | best_val_loss=0.002265 | best_epoch=10 | patience=3/5
[Source 1937 | Single Head] epoch 14/50 | train_loss=0.002431 | val_loss=0.002415 | best_val_loss=0.002265 | best_epoch=10 | patience=4/5
[Source 1937 | Single Head] epoch 15/50 | train_loss=0.005500 | val_loss=0.002033 | best_val_loss=0.002033 | best_epoch=15 | patience=0/5
[Source 1937 | Single Head] epoch 16/50 | train_loss=0.008093 | val_loss=0.001886 | best_val_loss=0.001886 | best_epoch=16 | patience=0/5
[Source 1937 | Single Head] epoch 17/50 | train_loss=0.004927 | val_loss=0.001624 | best_val_loss=0.001624 | best_epoch=17 | patience=0/5
[Source 1937 | Single Head] epoch 18/50 | train_loss=0.005744 | val_loss=0.001574 | best_val_loss=0.001624 | best_epoch=17 | patience=1/5
[Source 1937 | Single Head] epoch 19/50 | train_loss=0.002645 | val_loss=0.001643 | best_val_loss=0.001624 | best_epoch=17 | patience=2/5
[Source 1937 | Single Head] epoch 20/50 | train_loss=0.009573 | val_loss=0.002052 | best_val_loss=0.001624 | best_epoch=17 | patience=3/5
[Source 1937 | Single Head] epoch 21/50 | train_loss=0.002175 | val_loss=0.002272 | best_val_loss=0.001624 | best_epoch=17 | patience=4/5
[Source 1937 | Single Head] epoch 22/50 | train_loss=0.001802 | val_loss=0.002359 | best_val_loss=0.001624 | best_epoch=17 | patience=5/5
[Source 1937 | Single Head] EARLY STOP at epoch 22 | best_epoch=17 | best_val_loss=0.001624
[Source 1937 | Single Head] TRAINING FINISHED | executed_epochs=22 | best_epoch=17 | best_val_loss=0.001624 | stopped_early=True

================================================================================
Source year 1938 | train_n=280 | val_n=41 | id_n=81
================================================================================
[Source 1938 | Single Head] epoch 1/50 | train_loss=0.088009 | val_loss=0.035937 | best_val_loss=0.035937 | best_epoch=1 | patience=0/5
[Source 1938 | Single Head] epoch 2/50 | train_loss=0.046028 | val_loss=0.075986 | best_val_loss=0.035937 | best_epoch=1 | patience=1/5
[Source 1938 | Single Head] epoch 3/50 | train_loss=0.037213 | val_loss=0.013200 | best_val_loss=0.013200 | best_epoch=3 | patience=0/5
[Source 1938 | Single Head] epoch 4/50 | train_loss=0.018875 | val_loss=0.005005 | best_val_loss=0.005005 | best_epoch=4 | patience=0/5
[Source 1938 | Single Head] epoch 5/50 | train_loss=0.013364 | val_loss=0.013218 | best_val_loss=0.005005 | best_epoch=4 | patience=1/5
[Source 1938 | Single Head] epoch 6/50 | train_loss=0.019802 | val_loss=0.008720 | best_val_loss=0.005005 | best_epoch=4 | patience=2/5
[Source 1938 | Single Head] epoch 7/50 | train_loss=0.004876 | val_loss=0.012219 | best_val_loss=0.005005 | best_epoch=4 | patience=3/5
[Source 1938 | Single Head] epoch 8/50 | train_loss=0.004959 | val_loss=0.015773 | best_val_loss=0.005005 | best_epoch=4 | patience=4/5
[Source 1938 | Single Head] epoch 9/50 | train_loss=0.004488 | val_loss=0.017006 | best_val_loss=0.005005 | best_epoch=4 | patience=5/5
[Source 1938 | Single Head] EARLY STOP at epoch 9 | best_epoch=4 | best_val_loss=0.005005
[Source 1938 | Single Head] TRAINING FINISHED | executed_epochs=9 | best_epoch=4 | best_val_loss=0.005005 | stopped_early=True

================================================================================
Source year 1939 | train_n=112 | val_n=16 | id_n=32
================================================================================
[Source 1939 | Single Head] epoch 1/50 | train_loss=0.050561 | val_loss=0.010579 | best_val_loss=0.010579 | best_epoch=1 | patience=0/5
[Source 1939 | Single Head] epoch 2/50 | train_loss=0.011459 | val_loss=0.009751 | best_val_loss=0.009751 | best_epoch=2 | patience=0/5
[Source 1939 | Single Head] epoch 3/50 | train_loss=0.015149 | val_loss=0.011541 | best_val_loss=0.009751 | best_epoch=2 | patience=1/5
[Source 1939 | Single Head] epoch 4/50 | train_loss=0.007026 | val_loss=0.008461 | best_val_loss=0.008461 | best_epoch=4 | patience=0/5
[Source 1939 | Single Head] epoch 5/50 | train_loss=0.003357 | val_loss=0.008382 | best_val_loss=0.008461 | best_epoch=4 | patience=1/5
[Source 1939 | Single Head] epoch 6/50 | train_loss=0.008278 | val_loss=0.006791 | best_val_loss=0.006791 | best_epoch=6 | patience=0/5
[Source 1939 | Single Head] epoch 7/50 | train_loss=0.008297 | val_loss=0.006569 | best_val_loss=0.006569 | best_epoch=7 | patience=0/5
[Source 1939 | Single Head] epoch 8/50 | train_loss=0.018248 | val_loss=0.005217 | best_val_loss=0.005217 | best_epoch=8 | patience=0/5
[Source 1939 | Single Head] epoch 9/50 | train_loss=0.001494 | val_loss=0.008526 | best_val_loss=0.005217 | best_epoch=8 | patience=1/5
[Source 1939 | Single Head] epoch 10/50 | train_loss=0.003187 | val_loss=0.007772 | best_val_loss=0.005217 | best_epoch=8 | patience=2/5
[Source 1939 | Single Head] epoch 11/50 | train_loss=0.001313 | val_loss=0.005540 | best_val_loss=0.005217 | best_epoch=8 | patience=3/5
[Source 1939 | Single Head] epoch 12/50 | train_loss=0.003186 | val_loss=0.004020 | best_val_loss=0.004020 | best_epoch=12 | patience=0/5
[Source 1939 | Single Head] epoch 13/50 | train_loss=0.002931 | val_loss=0.003774 | best_val_loss=0.003774 | best_epoch=13 | patience=0/5
[Source 1939 | Single Head] epoch 14/50 | train_loss=0.001087 | val_loss=0.003144 | best_val_loss=0.003144 | best_epoch=14 | patience=0/5
[Source 1939 | Single Head] epoch 15/50 | train_loss=0.001047 | val_loss=0.002997 | best_val_loss=0.002997 | best_epoch=15 | patience=0/5
[Source 1939 | Single Head] epoch 16/50 | train_loss=0.002239 | val_loss=0.002838 | best_val_loss=0.002838 | best_epoch=16 | patience=0/5
[Source 1939 | Single Head] epoch 17/50 | train_loss=0.004402 | val_loss=0.002381 | best_val_loss=0.002381 | best_epoch=17 | patience=0/5
[Source 1939 | Single Head] epoch 18/50 | train_loss=0.000624 | val_loss=0.002167 | best_val_loss=0.002167 | best_epoch=18 | patience=0/5
[Source 1939 | Single Head] epoch 19/50 | train_loss=0.001559 | val_loss=0.001948 | best_val_loss=0.001948 | best_epoch=19 | patience=0/5
[Source 1939 | Single Head] epoch 20/50 | train_loss=0.009332 | val_loss=0.002071 | best_val_loss=0.001948 | best_epoch=19 | patience=1/5
[Source 1939 | Single Head] epoch 21/50 | train_loss=0.003043 | val_loss=0.002122 | best_val_loss=0.001948 | best_epoch=19 | patience=2/5
[Source 1939 | Single Head] epoch 22/50 | train_loss=0.002381 | val_loss=0.001773 | best_val_loss=0.001773 | best_epoch=22 | patience=0/5
[Source 1939 | Single Head] epoch 23/50 | train_loss=0.001052 | val_loss=0.001554 | best_val_loss=0.001554 | best_epoch=23 | patience=0/5
[Source 1939 | Single Head] epoch 24/50 | train_loss=0.000507 | val_loss=0.001505 | best_val_loss=0.001554 | best_epoch=23 | patience=1/5
[Source 1939 | Single Head] epoch 25/50 | train_loss=0.001547 | val_loss=0.001422 | best_val_loss=0.001422 | best_epoch=25 | patience=0/5
[Source 1939 | Single Head] epoch 26/50 | train_loss=0.000473 | val_loss=0.001344 | best_val_loss=0.001422 | best_epoch=25 | patience=1/5
[Source 1939 | Single Head] epoch 27/50 | train_loss=0.000442 | val_loss=0.001285 | best_val_loss=0.001285 | best_epoch=27 | patience=0/5
[Source 1939 | Single Head] epoch 28/50 | train_loss=0.003216 | val_loss=0.001260 | best_val_loss=0.001285 | best_epoch=27 | patience=1/5
[Source 1939 | Single Head] epoch 29/50 | train_loss=0.001914 | val_loss=0.001290 | best_val_loss=0.001285 | best_epoch=27 | patience=2/5
[Source 1939 | Single Head] epoch 30/50 | train_loss=0.001264 | val_loss=0.001275 | best_val_loss=0.001285 | best_epoch=27 | patience=3/5
[Source 1939 | Single Head] epoch 31/50 | train_loss=0.000862 | val_loss=0.001295 | best_val_loss=0.001285 | best_epoch=27 | patience=4/5
[Source 1939 | Single Head] epoch 32/50 | train_loss=0.000535 | val_loss=0.001356 | best_val_loss=0.001285 | best_epoch=27 | patience=5/5
[Source 1939 | Single Head] EARLY STOP at epoch 32 | best_epoch=27 | best_val_loss=0.001285
[Source 1939 | Single Head] TRAINING FINISHED | executed_epochs=32 | best_epoch=27 | best_val_loss=0.001285 | stopped_early=True

================================================================================
Source year 1940 | train_n=280 | val_n=41 | id_n=81
================================================================================
[Source 1940 | Single Head] epoch 1/50 | train_loss=0.052684 | val_loss=0.096890 | best_val_loss=0.096890 | best_epoch=1 | patience=0/5
[Source 1940 | Single Head] epoch 2/50 | train_loss=0.043218 | val_loss=0.080964 | best_val_loss=0.080964 | best_epoch=2 | patience=0/5
[Source 1940 | Single Head] epoch 3/50 | train_loss=0.028210 | val_loss=0.084879 | best_val_loss=0.080964 | best_epoch=2 | patience=1/5
[Source 1940 | Single Head] epoch 4/50 | train_loss=0.007850 | val_loss=0.099603 | best_val_loss=0.080964 | best_epoch=2 | patience=2/5
[Source 1940 | Single Head] epoch 5/50 | train_loss=0.007724 | val_loss=0.125807 | best_val_loss=0.080964 | best_epoch=2 | patience=3/5
[Source 1940 | Single Head] epoch 6/50 | train_loss=0.003930 | val_loss=0.150368 | best_val_loss=0.080964 | best_epoch=2 | patience=4/5
[Source 1940 | Single Head] epoch 7/50 | train_loss=0.006755 | val_loss=0.156177 | best_val_loss=0.080964 | best_epoch=2 | patience=5/5
[Source 1940 | Single Head] EARLY STOP at epoch 7 | best_epoch=2 | best_val_loss=0.080964
[Source 1940 | Single Head] TRAINING FINISHED | executed_epochs=7 | best_epoch=2 | best_val_loss=0.080964 | stopped_early=True

================================================================================
Source year 1941 | train_n=64 | val_n=10 | id_n=19
================================================================================
[Source 1941 | Single Head] epoch 1/50 | train_loss=0.025290 | val_loss=0.007914 | best_val_loss=0.007914 | best_epoch=1 | patience=0/5
[Source 1941 | Single Head] epoch 2/50 | train_loss=0.007066 | val_loss=0.011377 | best_val_loss=0.007914 | best_epoch=1 | patience=1/5
[Source 1941 | Single Head] epoch 3/50 | train_loss=0.001580 | val_loss=0.015264 | best_val_loss=0.007914 | best_epoch=1 | patience=2/5
[Source 1941 | Single Head] epoch 4/50 | train_loss=0.004248 | val_loss=0.018171 | best_val_loss=0.007914 | best_epoch=1 | patience=3/5
[Source 1941 | Single Head] epoch 5/50 | train_loss=0.006386 | val_loss=0.019838 | best_val_loss=0.007914 | best_epoch=1 | patience=4/5
[Source 1941 | Single Head] epoch 6/50 | train_loss=0.001459 | val_loss=0.020795 | best_val_loss=0.007914 | best_epoch=1 | patience=5/5
[Source 1941 | Single Head] EARLY STOP at epoch 6 | best_epoch=1 | best_val_loss=0.007914
[Source 1941 | Single Head] TRAINING FINISHED | executed_epochs=6 | best_epoch=1 | best_val_loss=0.007914 | stopped_early=True

================================================================================
Source year 1942 | train_n=154 | val_n=22 | id_n=44
================================================================================
[Source 1942 | Single Head] epoch 1/50 | train_loss=0.043943 | val_loss=0.004832 | best_val_loss=0.004832 | best_epoch=1 | patience=0/5
[Source 1942 | Single Head] epoch 2/50 | train_loss=0.011226 | val_loss=0.007564 | best_val_loss=0.004832 | best_epoch=1 | patience=1/5
[Source 1942 | Single Head] epoch 3/50 | train_loss=0.012325 | val_loss=0.006390 | best_val_loss=0.004832 | best_epoch=1 | patience=2/5
[Source 1942 | Single Head] epoch 4/50 | train_loss=0.018689 | val_loss=0.007789 | best_val_loss=0.004832 | best_epoch=1 | patience=3/5
[Source 1942 | Single Head] epoch 5/50 | train_loss=0.003499 | val_loss=0.009234 | best_val_loss=0.004832 | best_epoch=1 | patience=4/5
[Source 1942 | Single Head] epoch 6/50 | train_loss=0.001983 | val_loss=0.009642 | best_val_loss=0.004832 | best_epoch=1 | patience=5/5
[Source 1942 | Single Head] EARLY STOP at epoch 6 | best_epoch=1 | best_val_loss=0.004832
[Source 1942 | Single Head] TRAINING FINISHED | executed_epochs=6 | best_epoch=1 | best_val_loss=0.004832 | stopped_early=True

================================================================================
Source year 1943 | train_n=492 | val_n=71 | id_n=141
================================================================================
[Source 1943 | Single Head] epoch 1/50 | train_loss=0.043939 | val_loss=0.087951 | best_val_loss=0.087951 | best_epoch=1 | patience=0/5
[Source 1943 | Single Head] epoch 2/50 | train_loss=0.042179 | val_loss=0.006100 | best_val_loss=0.006100 | best_epoch=2 | patience=0/5
[Source 1943 | Single Head] epoch 3/50 | train_loss=0.013975 | val_loss=0.012067 | best_val_loss=0.006100 | best_epoch=2 | patience=1/5
[Source 1943 | Single Head] epoch 4/50 | train_loss=0.004619 | val_loss=0.012484 | best_val_loss=0.006100 | best_epoch=2 | patience=2/5
[Source 1943 | Single Head] epoch 5/50 | train_loss=0.008123 | val_loss=0.001963 | best_val_loss=0.001963 | best_epoch=5 | patience=0/5
[Source 1943 | Single Head] epoch 6/50 | train_loss=0.014887 | val_loss=0.001583 | best_val_loss=0.001583 | best_epoch=6 | patience=0/5
[Source 1943 | Single Head] epoch 7/50 | train_loss=0.022688 | val_loss=0.007198 | best_val_loss=0.001583 | best_epoch=6 | patience=1/5
[Source 1943 | Single Head] epoch 8/50 | train_loss=0.012145 | val_loss=0.001120 | best_val_loss=0.001120 | best_epoch=8 | patience=0/5
[Source 1943 | Single Head] epoch 9/50 | train_loss=0.010882 | val_loss=0.001839 | best_val_loss=0.001120 | best_epoch=8 | patience=1/5
[Source 1943 | Single Head] epoch 10/50 | train_loss=0.012947 | val_loss=0.001612 | best_val_loss=0.001120 | best_epoch=8 | patience=2/5
[Source 1943 | Single Head] epoch 11/50 | train_loss=0.006275 | val_loss=0.002200 | best_val_loss=0.001120 | best_epoch=8 | patience=3/5
[Source 1943 | Single Head] epoch 12/50 | train_loss=0.005536 | val_loss=0.004282 | best_val_loss=0.001120 | best_epoch=8 | patience=4/5
[Source 1943 | Single Head] epoch 13/50 | train_loss=0.004902 | val_loss=0.014490 | best_val_loss=0.001120 | best_epoch=8 | patience=5/5
[Source 1943 | Single Head] EARLY STOP at epoch 13 | best_epoch=8 | best_val_loss=0.001120
[Source 1943 | Single Head] TRAINING FINISHED | executed_epochs=13 | best_epoch=8 | best_val_loss=0.001120 | stopped_early=True

================================================================================
Source year 1944 | train_n=600 | val_n=86 | id_n=172
================================================================================
[Source 1944 | Single Head] epoch 1/50 | train_loss=0.051737 | val_loss=0.001191 | best_val_loss=0.001191 | best_epoch=1 | patience=0/5
[Source 1944 | Single Head] epoch 2/50 | train_loss=0.048050 | val_loss=0.001779 | best_val_loss=0.001191 | best_epoch=1 | patience=1/5
[Source 1944 | Single Head] epoch 3/50 | train_loss=0.029452 | val_loss=0.000975 | best_val_loss=0.000975 | best_epoch=3 | patience=0/5
[Source 1944 | Single Head] epoch 4/50 | train_loss=0.019012 | val_loss=0.001096 | best_val_loss=0.000975 | best_epoch=3 | patience=1/5
[Source 1944 | Single Head] epoch 5/50 | train_loss=0.015093 | val_loss=0.001522 | best_val_loss=0.000975 | best_epoch=3 | patience=2/5
[Source 1944 | Single Head] epoch 6/50 | train_loss=0.017685 | val_loss=0.001396 | best_val_loss=0.000975 | best_epoch=3 | patience=3/5
[Source 1944 | Single Head] epoch 7/50 | train_loss=0.011406 | val_loss=0.002599 | best_val_loss=0.000975 | best_epoch=3 | patience=4/5
[Source 1944 | Single Head] epoch 8/50 | train_loss=0.007542 | val_loss=0.003489 | best_val_loss=0.000975 | best_epoch=3 | patience=5/5
[Source 1944 | Single Head] EARLY STOP at epoch 8 | best_epoch=3 | best_val_loss=0.000975
[Source 1944 | Single Head] TRAINING FINISHED | executed_epochs=8 | best_epoch=3 | best_val_loss=0.000975 | stopped_early=True

================================================================================
Source year 1945 | train_n=583 | val_n=84 | id_n=167
================================================================================
[Source 1945 | Single Head] epoch 1/50 | train_loss=0.042110 | val_loss=0.005426 | best_val_loss=0.005426 | best_epoch=1 | patience=0/5
[Source 1945 | Single Head] epoch 2/50 | train_loss=0.024532 | val_loss=0.003803 | best_val_loss=0.003803 | best_epoch=2 | patience=0/5
[Source 1945 | Single Head] epoch 3/50 | train_loss=0.007472 | val_loss=0.002375 | best_val_loss=0.002375 | best_epoch=3 | patience=0/5
[Source 1945 | Single Head] epoch 4/50 | train_loss=0.011403 | val_loss=0.002670 | best_val_loss=0.002375 | best_epoch=3 | patience=1/5
[Source 1945 | Single Head] epoch 5/50 | train_loss=0.016499 | val_loss=0.002602 | best_val_loss=0.002375 | best_epoch=3 | patience=2/5
[Source 1945 | Single Head] epoch 6/50 | train_loss=0.012092 | val_loss=0.001694 | best_val_loss=0.001694 | best_epoch=6 | patience=0/5
[Source 1945 | Single Head] epoch 7/50 | train_loss=0.002725 | val_loss=0.001769 | best_val_loss=0.001694 | best_epoch=6 | patience=1/5
[Source 1945 | Single Head] epoch 8/50 | train_loss=0.015006 | val_loss=0.001832 | best_val_loss=0.001694 | best_epoch=6 | patience=2/5
[Source 1945 | Single Head] epoch 9/50 | train_loss=0.015080 | val_loss=0.009327 | best_val_loss=0.001694 | best_epoch=6 | patience=3/5
[Source 1945 | Single Head] epoch 10/50 | train_loss=0.007385 | val_loss=0.003317 | best_val_loss=0.001694 | best_epoch=6 | patience=4/5
[Source 1945 | Single Head] epoch 11/50 | train_loss=0.004380 | val_loss=0.002721 | best_val_loss=0.001694 | best_epoch=6 | patience=5/5
[Source 1945 | Single Head] EARLY STOP at epoch 11 | best_epoch=6 | best_val_loss=0.001694
[Source 1945 | Single Head] TRAINING FINISHED | executed_epochs=11 | best_epoch=6 | best_val_loss=0.001694 | stopped_early=True

================================================================================
Source year 1946 | train_n=282 | val_n=41 | id_n=81
================================================================================
[Source 1946 | Single Head] epoch 1/50 | train_loss=0.007664 | val_loss=0.000969 | best_val_loss=0.000969 | best_epoch=1 | patience=0/5
[Source 1946 | Single Head] epoch 2/50 | train_loss=0.004145 | val_loss=0.000931 | best_val_loss=0.000969 | best_epoch=1 | patience=1/5
[Source 1946 | Single Head] epoch 3/50 | train_loss=0.006117 | val_loss=0.000913 | best_val_loss=0.000969 | best_epoch=1 | patience=2/5
[Source 1946 | Single Head] epoch 4/50 | train_loss=0.003032 | val_loss=0.000838 | best_val_loss=0.000838 | best_epoch=4 | patience=0/5
[Source 1946 | Single Head] epoch 5/50 | train_loss=0.000931 | val_loss=0.000795 | best_val_loss=0.000838 | best_epoch=4 | patience=1/5
[Source 1946 | Single Head] epoch 6/50 | train_loss=0.000825 | val_loss=0.000830 | best_val_loss=0.000838 | best_epoch=4 | patience=2/5
[Source 1946 | Single Head] epoch 7/50 | train_loss=0.000884 | val_loss=0.000830 | best_val_loss=0.000838 | best_epoch=4 | patience=3/5
[Source 1946 | Single Head] epoch 8/50 | train_loss=0.002366 | val_loss=0.000785 | best_val_loss=0.000838 | best_epoch=4 | patience=4/5
[Source 1946 | Single Head] epoch 9/50 | train_loss=0.001993 | val_loss=0.000728 | best_val_loss=0.000728 | best_epoch=9 | patience=0/5
[Source 1946 | Single Head] epoch 10/50 | train_loss=0.001083 | val_loss=0.000670 | best_val_loss=0.000728 | best_epoch=9 | patience=1/5
[Source 1946 | Single Head] epoch 11/50 | train_loss=0.001050 | val_loss=0.000862 | best_val_loss=0.000728 | best_epoch=9 | patience=2/5
[Source 1946 | Single Head] epoch 12/50 | train_loss=0.000783 | val_loss=0.000723 | best_val_loss=0.000728 | best_epoch=9 | patience=3/5
[Source 1946 | Single Head] epoch 13/50 | train_loss=0.000729 | val_loss=0.000750 | best_val_loss=0.000728 | best_epoch=9 | patience=4/5
[Source 1946 | Single Head] epoch 14/50 | train_loss=0.001389 | val_loss=0.000869 | best_val_loss=0.000728 | best_epoch=9 | patience=5/5
[Source 1946 | Single Head] EARLY STOP at epoch 14 | best_epoch=9 | best_val_loss=0.000728
[Source 1946 | Single Head] TRAINING FINISHED | executed_epochs=14 | best_epoch=9 | best_val_loss=0.000728 | stopped_early=True

================================================================================
Source year 1947 | train_n=265 | val_n=38 | id_n=76
================================================================================
[Source 1947 | Single Head] epoch 1/50 | train_loss=0.039853 | val_loss=0.021182 | best_val_loss=0.021182 | best_epoch=1 | patience=0/5
[Source 1947 | Single Head] epoch 2/50 | train_loss=0.023533 | val_loss=0.013709 | best_val_loss=0.013709 | best_epoch=2 | patience=0/5
[Source 1947 | Single Head] epoch 3/50 | train_loss=0.005512 | val_loss=0.009110 | best_val_loss=0.009110 | best_epoch=3 | patience=0/5
[Source 1947 | Single Head] epoch 4/50 | train_loss=0.010651 | val_loss=0.005477 | best_val_loss=0.005477 | best_epoch=4 | patience=0/5
[Source 1947 | Single Head] epoch 5/50 | train_loss=0.003712 | val_loss=0.005959 | best_val_loss=0.005477 | best_epoch=4 | patience=1/5
[Source 1947 | Single Head] epoch 6/50 | train_loss=0.018132 | val_loss=0.006049 | best_val_loss=0.005477 | best_epoch=4 | patience=2/5
[Source 1947 | Single Head] epoch 7/50 | train_loss=0.002608 | val_loss=0.008413 | best_val_loss=0.005477 | best_epoch=4 | patience=3/5
[Source 1947 | Single Head] epoch 8/50 | train_loss=0.005132 | val_loss=0.017025 | best_val_loss=0.005477 | best_epoch=4 | patience=4/5
[Source 1947 | Single Head] epoch 9/50 | train_loss=0.001698 | val_loss=0.052585 | best_val_loss=0.005477 | best_epoch=4 | patience=5/5
[Source 1947 | Single Head] EARLY STOP at epoch 9 | best_epoch=4 | best_val_loss=0.005477
[Source 1947 | Single Head] TRAINING FINISHED | executed_epochs=9 | best_epoch=4 | best_val_loss=0.005477 | stopped_early=True

================================================================================
Source year 1948 | train_n=283 | val_n=41 | id_n=82
================================================================================
[Source 1948 | Single Head] epoch 1/50 | train_loss=0.026619 | val_loss=0.071856 | best_val_loss=0.071856 | best_epoch=1 | patience=0/5
[Source 1948 | Single Head] epoch 2/50 | train_loss=0.030867 | val_loss=0.077525 | best_val_loss=0.071856 | best_epoch=1 | patience=1/5
[Source 1948 | Single Head] epoch 3/50 | train_loss=0.011596 | val_loss=0.065402 | best_val_loss=0.065402 | best_epoch=3 | patience=0/5
[Source 1948 | Single Head] epoch 4/50 | train_loss=0.024341 | val_loss=0.061015 | best_val_loss=0.061015 | best_epoch=4 | patience=0/5
[Source 1948 | Single Head] epoch 5/50 | train_loss=0.007300 | val_loss=0.078096 | best_val_loss=0.061015 | best_epoch=4 | patience=1/5
[Source 1948 | Single Head] epoch 6/50 | train_loss=0.002510 | val_loss=0.079355 | best_val_loss=0.061015 | best_epoch=4 | patience=2/5
[Source 1948 | Single Head] epoch 7/50 | train_loss=0.003203 | val_loss=0.081584 | best_val_loss=0.061015 | best_epoch=4 | patience=3/5
[Source 1948 | Single Head] epoch 8/50 | train_loss=0.006886 | val_loss=0.076142 | best_val_loss=0.061015 | best_epoch=4 | patience=4/5
[Source 1948 | Single Head] epoch 9/50 | train_loss=0.004453 | val_loss=0.065017 | best_val_loss=0.061015 | best_epoch=4 | patience=5/5
[Source 1948 | Single Head] EARLY STOP at epoch 9 | best_epoch=4 | best_val_loss=0.061015
[Source 1948 | Single Head] TRAINING FINISHED | executed_epochs=9 | best_epoch=4 | best_val_loss=0.061015 | stopped_early=True

================================================================================
Source year 1949 | train_n=124 | val_n=18 | id_n=36
================================================================================
[Source 1949 | Single Head] epoch 1/50 | train_loss=0.096608 | val_loss=0.011338 | best_val_loss=0.011338 | best_epoch=1 | patience=0/5
[Source 1949 | Single Head] epoch 2/50 | train_loss=0.051013 | val_loss=0.019041 | best_val_loss=0.011338 | best_epoch=1 | patience=1/5
[Source 1949 | Single Head] epoch 3/50 | train_loss=0.014579 | val_loss=0.028588 | best_val_loss=0.011338 | best_epoch=1 | patience=2/5
[Source 1949 | Single Head] epoch 4/50 | train_loss=0.009335 | val_loss=0.031541 | best_val_loss=0.011338 | best_epoch=1 | patience=3/5
[Source 1949 | Single Head] epoch 5/50 | train_loss=0.013309 | val_loss=0.038251 | best_val_loss=0.011338 | best_epoch=1 | patience=4/5
[Source 1949 | Single Head] epoch 6/50 | train_loss=0.007322 | val_loss=0.049259 | best_val_loss=0.011338 | best_epoch=1 | patience=5/5
[Source 1949 | Single Head] EARLY STOP at epoch 6 | best_epoch=1 | best_val_loss=0.011338
[Source 1949 | Single Head] TRAINING FINISHED | executed_epochs=6 | best_epoch=1 | best_val_loss=0.011338 | stopped_early=True

================================================================================
Source year 1950 | train_n=270 | val_n=39 | id_n=78
================================================================================
[Source 1950 | Single Head] epoch 1/50 | train_loss=0.091427 | val_loss=0.120961 | best_val_loss=0.120961 | best_epoch=1 | patience=0/5
[Source 1950 | Single Head] epoch 2/50 | train_loss=0.027575 | val_loss=0.069953 | best_val_loss=0.069953 | best_epoch=2 | patience=0/5
[Source 1950 | Single Head] epoch 3/50 | train_loss=0.022931 | val_loss=0.014500 | best_val_loss=0.014500 | best_epoch=3 | patience=0/5
[Source 1950 | Single Head] epoch 4/50 | train_loss=0.013840 | val_loss=0.009110 | best_val_loss=0.009110 | best_epoch=4 | patience=0/5
[Source 1950 | Single Head] epoch 5/50 | train_loss=0.005832 | val_loss=0.012075 | best_val_loss=0.009110 | best_epoch=4 | patience=1/5
[Source 1950 | Single Head] epoch 6/50 | train_loss=0.006051 | val_loss=0.012582 | best_val_loss=0.009110 | best_epoch=4 | patience=2/5
[Source 1950 | Single Head] epoch 7/50 | train_loss=0.023171 | val_loss=0.006261 | best_val_loss=0.006261 | best_epoch=7 | patience=0/5
[Source 1950 | Single Head] epoch 8/50 | train_loss=0.007309 | val_loss=0.016918 | best_val_loss=0.006261 | best_epoch=7 | patience=1/5
[Source 1950 | Single Head] epoch 9/50 | train_loss=0.008185 | val_loss=0.010253 | best_val_loss=0.006261 | best_epoch=7 | patience=2/5
[Source 1950 | Single Head] epoch 10/50 | train_loss=0.015212 | val_loss=0.003672 | best_val_loss=0.003672 | best_epoch=10 | patience=0/5
[Source 1950 | Single Head] epoch 11/50 | train_loss=0.004557 | val_loss=0.003054 | best_val_loss=0.003054 | best_epoch=11 | patience=0/5
[Source 1950 | Single Head] epoch 12/50 | train_loss=0.002804 | val_loss=0.002541 | best_val_loss=0.002541 | best_epoch=12 | patience=0/5
[Source 1950 | Single Head] epoch 13/50 | train_loss=0.008685 | val_loss=0.002640 | best_val_loss=0.002541 | best_epoch=12 | patience=1/5
[Source 1950 | Single Head] epoch 14/50 | train_loss=0.002081 | val_loss=0.002514 | best_val_loss=0.002541 | best_epoch=12 | patience=2/5
[Source 1950 | Single Head] epoch 15/50 | train_loss=0.010965 | val_loss=0.002446 | best_val_loss=0.002541 | best_epoch=12 | patience=3/5
[Source 1950 | Single Head] epoch 16/50 | train_loss=0.005054 | val_loss=0.003724 | best_val_loss=0.002541 | best_epoch=12 | patience=4/5
[Source 1950 | Single Head] epoch 17/50 | train_loss=0.004835 | val_loss=0.004763 | best_val_loss=0.002541 | best_epoch=12 | patience=5/5
[Source 1950 | Single Head] EARLY STOP at epoch 17 | best_epoch=12 | best_val_loss=0.002541
[Source 1950 | Single Head] TRAINING FINISHED | executed_epochs=17 | best_epoch=12 | best_val_loss=0.002541 | stopped_early=True

================================================================================
Source year 1951 | train_n=154 | val_n=23 | id_n=45
================================================================================
[Source 1951 | Single Head] epoch 1/50 | train_loss=0.057470 | val_loss=0.004926 | best_val_loss=0.004926 | best_epoch=1 | patience=0/5
[Source 1951 | Single Head] epoch 2/50 | train_loss=0.029316 | val_loss=0.001696 | best_val_loss=0.001696 | best_epoch=2 | patience=0/5
[Source 1951 | Single Head] epoch 3/50 | train_loss=0.015934 | val_loss=0.002191 | best_val_loss=0.001696 | best_epoch=2 | patience=1/5
[Source 1951 | Single Head] epoch 4/50 | train_loss=0.010325 | val_loss=0.003175 | best_val_loss=0.001696 | best_epoch=2 | patience=2/5
[Source 1951 | Single Head] epoch 5/50 | train_loss=0.009886 | val_loss=0.004637 | best_val_loss=0.001696 | best_epoch=2 | patience=3/5
[Source 1951 | Single Head] epoch 6/50 | train_loss=0.006498 | val_loss=0.005031 | best_val_loss=0.001696 | best_epoch=2 | patience=4/5
[Source 1951 | Single Head] epoch 7/50 | train_loss=0.007288 | val_loss=0.005248 | best_val_loss=0.001696 | best_epoch=2 | patience=5/5
[Source 1951 | Single Head] EARLY STOP at epoch 7 | best_epoch=2 | best_val_loss=0.001696
[Source 1951 | Single Head] TRAINING FINISHED | executed_epochs=7 | best_epoch=2 | best_val_loss=0.001696 | stopped_early=True

================================================================================
Source year 1952 | train_n=229 | val_n=33 | id_n=66
================================================================================
[Source 1952 | Single Head] epoch 1/50 | train_loss=0.100225 | val_loss=0.008568 | best_val_loss=0.008568 | best_epoch=1 | patience=0/5
[Source 1952 | Single Head] epoch 2/50 | train_loss=0.038488 | val_loss=0.010880 | best_val_loss=0.008568 | best_epoch=1 | patience=1/5
[Source 1952 | Single Head] epoch 3/50 | train_loss=0.049376 | val_loss=0.004360 | best_val_loss=0.004360 | best_epoch=3 | patience=0/5
[Source 1952 | Single Head] epoch 4/50 | train_loss=0.009939 | val_loss=0.011962 | best_val_loss=0.004360 | best_epoch=3 | patience=1/5
[Source 1952 | Single Head] epoch 5/50 | train_loss=0.011444 | val_loss=0.016621 | best_val_loss=0.004360 | best_epoch=3 | patience=2/5
[Source 1952 | Single Head] epoch 6/50 | train_loss=0.016241 | val_loss=0.005762 | best_val_loss=0.004360 | best_epoch=3 | patience=3/5
[Source 1952 | Single Head] epoch 7/50 | train_loss=0.006850 | val_loss=0.002240 | best_val_loss=0.002240 | best_epoch=7 | patience=0/5
[Source 1952 | Single Head] epoch 8/50 | train_loss=0.014853 | val_loss=0.002552 | best_val_loss=0.002240 | best_epoch=7 | patience=1/5
[Source 1952 | Single Head] epoch 9/50 | train_loss=0.008902 | val_loss=0.002245 | best_val_loss=0.002240 | best_epoch=7 | patience=2/5
[Source 1952 | Single Head] epoch 10/50 | train_loss=0.006981 | val_loss=0.003323 | best_val_loss=0.002240 | best_epoch=7 | patience=3/5
[Source 1952 | Single Head] epoch 11/50 | train_loss=0.003073 | val_loss=0.003169 | best_val_loss=0.002240 | best_epoch=7 | patience=4/5
[Source 1952 | Single Head] epoch 12/50 | train_loss=0.010128 | val_loss=0.001894 | best_val_loss=0.001894 | best_epoch=12 | patience=0/5
[Source 1952 | Single Head] epoch 13/50 | train_loss=0.004186 | val_loss=0.001378 | best_val_loss=0.001378 | best_epoch=13 | patience=0/5
[Source 1952 | Single Head] epoch 14/50 | train_loss=0.010567 | val_loss=0.001758 | best_val_loss=0.001378 | best_epoch=13 | patience=1/5
[Source 1952 | Single Head] epoch 15/50 | train_loss=0.002688 | val_loss=0.001405 | best_val_loss=0.001378 | best_epoch=13 | patience=2/5
[Source 1952 | Single Head] epoch 16/50 | train_loss=0.002489 | val_loss=0.001260 | best_val_loss=0.001260 | best_epoch=16 | patience=0/5
[Source 1952 | Single Head] epoch 17/50 | train_loss=0.048363 | val_loss=0.001075 | best_val_loss=0.001075 | best_epoch=17 | patience=0/5
[Source 1952 | Single Head] epoch 18/50 | train_loss=0.005515 | val_loss=0.002300 | best_val_loss=0.001075 | best_epoch=17 | patience=1/5
[Source 1952 | Single Head] epoch 19/50 | train_loss=0.006936 | val_loss=0.003068 | best_val_loss=0.001075 | best_epoch=17 | patience=2/5
[Source 1952 | Single Head] epoch 20/50 | train_loss=0.023341 | val_loss=0.001976 | best_val_loss=0.001075 | best_epoch=17 | patience=3/5
[Source 1952 | Single Head] epoch 21/50 | train_loss=0.003550 | val_loss=0.014617 | best_val_loss=0.001075 | best_epoch=17 | patience=4/5
[Source 1952 | Single Head] epoch 22/50 | train_loss=0.008047 | val_loss=0.004778 | best_val_loss=0.001075 | best_epoch=17 | patience=5/5
[Source 1952 | Single Head] EARLY STOP at epoch 22 | best_epoch=17 | best_val_loss=0.001075
[Source 1952 | Single Head] TRAINING FINISHED | executed_epochs=22 | best_epoch=17 | best_val_loss=0.001075 | stopped_early=True

================================================================================
Source year 1953 | train_n=186 | val_n=27 | id_n=54
================================================================================
[Source 1953 | Single Head] epoch 1/50 | train_loss=0.057148 | val_loss=0.122920 | best_val_loss=0.122920 | best_epoch=1 | patience=0/5
[Source 1953 | Single Head] epoch 2/50 | train_loss=0.039487 | val_loss=0.073793 | best_val_loss=0.073793 | best_epoch=2 | patience=0/5
[Source 1953 | Single Head] epoch 3/50 | train_loss=0.022694 | val_loss=0.075194 | best_val_loss=0.073793 | best_epoch=2 | patience=1/5
[Source 1953 | Single Head] epoch 4/50 | train_loss=0.015314 | val_loss=0.033133 | best_val_loss=0.033133 | best_epoch=4 | patience=0/5
[Source 1953 | Single Head] epoch 5/50 | train_loss=0.018093 | val_loss=0.014674 | best_val_loss=0.014674 | best_epoch=5 | patience=0/5
[Source 1953 | Single Head] epoch 6/50 | train_loss=0.011443 | val_loss=0.012695 | best_val_loss=0.012695 | best_epoch=6 | patience=0/5
[Source 1953 | Single Head] epoch 7/50 | train_loss=0.005827 | val_loss=0.018314 | best_val_loss=0.012695 | best_epoch=6 | patience=1/5
[Source 1953 | Single Head] epoch 8/50 | train_loss=0.006378 | val_loss=0.027248 | best_val_loss=0.012695 | best_epoch=6 | patience=2/5
[Source 1953 | Single Head] epoch 9/50 | train_loss=0.005981 | val_loss=0.022038 | best_val_loss=0.012695 | best_epoch=6 | patience=3/5
[Source 1953 | Single Head] epoch 10/50 | train_loss=0.002865 | val_loss=0.020724 | best_val_loss=0.012695 | best_epoch=6 | patience=4/5
[Source 1953 | Single Head] epoch 11/50 | train_loss=0.003029 | val_loss=0.021887 | best_val_loss=0.012695 | best_epoch=6 | patience=5/5
[Source 1953 | Single Head] EARLY STOP at epoch 11 | best_epoch=6 | best_val_loss=0.012695
[Source 1953 | Single Head] TRAINING FINISHED | executed_epochs=11 | best_epoch=6 | best_val_loss=0.012695 | stopped_early=True

================================================================================
Source year 1954 | train_n=406 | val_n=58 | id_n=117
================================================================================
[Source 1954 | Single Head] epoch 1/50 | train_loss=0.097203 | val_loss=0.015544 | best_val_loss=0.015544 | best_epoch=1 | patience=0/5
[Source 1954 | Single Head] epoch 2/50 | train_loss=0.036358 | val_loss=0.017861 | best_val_loss=0.015544 | best_epoch=1 | patience=1/5
[Source 1954 | Single Head] epoch 3/50 | train_loss=0.021485 | val_loss=0.012301 | best_val_loss=0.012301 | best_epoch=3 | patience=0/5
[Source 1954 | Single Head] epoch 4/50 | train_loss=0.018197 | val_loss=0.016325 | best_val_loss=0.012301 | best_epoch=3 | patience=1/5
[Source 1954 | Single Head] epoch 5/50 | train_loss=0.022825 | val_loss=0.013923 | best_val_loss=0.012301 | best_epoch=3 | patience=2/5
[Source 1954 | Single Head] epoch 6/50 | train_loss=0.008026 | val_loss=0.011670 | best_val_loss=0.011670 | best_epoch=6 | patience=0/5
[Source 1954 | Single Head] epoch 7/50 | train_loss=0.007890 | val_loss=0.009182 | best_val_loss=0.009182 | best_epoch=7 | patience=0/5
[Source 1954 | Single Head] epoch 8/50 | train_loss=0.011974 | val_loss=0.007175 | best_val_loss=0.007175 | best_epoch=8 | patience=0/5
[Source 1954 | Single Head] epoch 9/50 | train_loss=0.006195 | val_loss=0.006481 | best_val_loss=0.006481 | best_epoch=9 | patience=0/5
[Source 1954 | Single Head] epoch 10/50 | train_loss=0.008348 | val_loss=0.006287 | best_val_loss=0.006287 | best_epoch=10 | patience=0/5
[Source 1954 | Single Head] epoch 11/50 | train_loss=0.003537 | val_loss=0.006264 | best_val_loss=0.006287 | best_epoch=10 | patience=1/5
[Source 1954 | Single Head] epoch 12/50 | train_loss=0.009102 | val_loss=0.006132 | best_val_loss=0.006132 | best_epoch=12 | patience=0/5
[Source 1954 | Single Head] epoch 13/50 | train_loss=0.003617 | val_loss=0.006854 | best_val_loss=0.006132 | best_epoch=12 | patience=1/5
[Source 1954 | Single Head] epoch 14/50 | train_loss=0.003781 | val_loss=0.006470 | best_val_loss=0.006132 | best_epoch=12 | patience=2/5
[Source 1954 | Single Head] epoch 15/50 | train_loss=0.004434 | val_loss=0.006206 | best_val_loss=0.006132 | best_epoch=12 | patience=3/5
[Source 1954 | Single Head] epoch 16/50 | train_loss=0.011736 | val_loss=0.006415 | best_val_loss=0.006132 | best_epoch=12 | patience=4/5
[Source 1954 | Single Head] epoch 17/50 | train_loss=0.007558 | val_loss=0.017996 | best_val_loss=0.006132 | best_epoch=12 | patience=5/5
[Source 1954 | Single Head] EARLY STOP at epoch 17 | best_epoch=12 | best_val_loss=0.006132
[Source 1954 | Single Head] TRAINING FINISHED | executed_epochs=17 | best_epoch=12 | best_val_loss=0.006132 | stopped_early=True

================================================================================
Source year 1955 | train_n=523 | val_n=75 | id_n=150
================================================================================
[Source 1955 | Single Head] epoch 1/50 | train_loss=0.062662 | val_loss=0.110289 | best_val_loss=0.110289 | best_epoch=1 | patience=0/5
[Source 1955 | Single Head] epoch 2/50 | train_loss=0.024330 | val_loss=0.064804 | best_val_loss=0.064804 | best_epoch=2 | patience=0/5
[Source 1955 | Single Head] epoch 3/50 | train_loss=0.010916 | val_loss=0.081475 | best_val_loss=0.064804 | best_epoch=2 | patience=1/5
[Source 1955 | Single Head] epoch 4/50 | train_loss=0.013568 | val_loss=0.079018 | best_val_loss=0.064804 | best_epoch=2 | patience=2/5
[Source 1955 | Single Head] epoch 5/50 | train_loss=0.007187 | val_loss=0.069883 | best_val_loss=0.064804 | best_epoch=2 | patience=3/5
[Source 1955 | Single Head] epoch 6/50 | train_loss=0.008815 | val_loss=0.077773 | best_val_loss=0.064804 | best_epoch=2 | patience=4/5
[Source 1955 | Single Head] epoch 7/50 | train_loss=0.009752 | val_loss=0.094282 | best_val_loss=0.064804 | best_epoch=2 | patience=5/5
[Source 1955 | Single Head] EARLY STOP at epoch 7 | best_epoch=2 | best_val_loss=0.064804
[Source 1955 | Single Head] TRAINING FINISHED | executed_epochs=7 | best_epoch=2 | best_val_loss=0.064804 | stopped_early=True

================================================================================
Source year 1956 | train_n=188 | val_n=27 | id_n=54
================================================================================
[Source 1956 | Single Head] epoch 1/50 | train_loss=0.025974 | val_loss=0.003443 | best_val_loss=0.003443 | best_epoch=1 | patience=0/5
[Source 1956 | Single Head] epoch 2/50 | train_loss=0.036172 | val_loss=0.002193 | best_val_loss=0.002193 | best_epoch=2 | patience=0/5
[Source 1956 | Single Head] epoch 3/50 | train_loss=0.015791 | val_loss=0.002888 | best_val_loss=0.002193 | best_epoch=2 | patience=1/5
[Source 1956 | Single Head] epoch 4/50 | train_loss=0.027771 | val_loss=0.003609 | best_val_loss=0.002193 | best_epoch=2 | patience=2/5
[Source 1956 | Single Head] epoch 5/50 | train_loss=0.023198 | val_loss=0.006016 | best_val_loss=0.002193 | best_epoch=2 | patience=3/5
[Source 1956 | Single Head] epoch 6/50 | train_loss=0.005679 | val_loss=0.006812 | best_val_loss=0.002193 | best_epoch=2 | patience=4/5
[Source 1956 | Single Head] epoch 7/50 | train_loss=0.009735 | val_loss=0.007071 | best_val_loss=0.002193 | best_epoch=2 | patience=5/5
[Source 1956 | Single Head] EARLY STOP at epoch 7 | best_epoch=2 | best_val_loss=0.002193
[Source 1956 | Single Head] TRAINING FINISHED | executed_epochs=7 | best_epoch=2 | best_val_loss=0.002193 | stopped_early=True

================================================================================
Source year 1957 | train_n=162 | val_n=24 | id_n=47
================================================================================
[Source 1957 | Single Head] epoch 1/50 | train_loss=0.122323 | val_loss=0.010348 | best_val_loss=0.010348 | best_epoch=1 | patience=0/5
[Source 1957 | Single Head] epoch 2/50 | train_loss=0.038467 | val_loss=0.010535 | best_val_loss=0.010348 | best_epoch=1 | patience=1/5
[Source 1957 | Single Head] epoch 3/50 | train_loss=0.040789 | val_loss=0.009919 | best_val_loss=0.009919 | best_epoch=3 | patience=0/5
[Source 1957 | Single Head] epoch 4/50 | train_loss=0.015801 | val_loss=0.009737 | best_val_loss=0.009737 | best_epoch=4 | patience=0/5
[Source 1957 | Single Head] epoch 5/50 | train_loss=0.006736 | val_loss=0.015826 | best_val_loss=0.009737 | best_epoch=4 | patience=1/5
[Source 1957 | Single Head] epoch 6/50 | train_loss=0.005737 | val_loss=0.016324 | best_val_loss=0.009737 | best_epoch=4 | patience=2/5
[Source 1957 | Single Head] epoch 7/50 | train_loss=0.017034 | val_loss=0.016376 | best_val_loss=0.009737 | best_epoch=4 | patience=3/5
[Source 1957 | Single Head] epoch 8/50 | train_loss=0.007030 | val_loss=0.020306 | best_val_loss=0.009737 | best_epoch=4 | patience=4/5
[Source 1957 | Single Head] epoch 9/50 | train_loss=0.010651 | val_loss=0.024083 | best_val_loss=0.009737 | best_epoch=4 | patience=5/5
[Source 1957 | Single Head] EARLY STOP at epoch 9 | best_epoch=4 | best_val_loss=0.009737
[Source 1957 | Single Head] TRAINING FINISHED | executed_epochs=9 | best_epoch=4 | best_val_loss=0.009737 | stopped_early=True

================================================================================
Source year 1958 | train_n=189 | val_n=28 | id_n=55
================================================================================
[Source 1958 | Single Head] epoch 1/50 | train_loss=0.068038 | val_loss=0.289817 | best_val_loss=0.289817 | best_epoch=1 | patience=0/5
[Source 1958 | Single Head] epoch 2/50 | train_loss=0.039018 | val_loss=0.250164 | best_val_loss=0.250164 | best_epoch=2 | patience=0/5
[Source 1958 | Single Head] epoch 3/50 | train_loss=0.025769 | val_loss=0.287110 | best_val_loss=0.250164 | best_epoch=2 | patience=1/5
[Source 1958 | Single Head] epoch 4/50 | train_loss=0.023557 | val_loss=0.294770 | best_val_loss=0.250164 | best_epoch=2 | patience=2/5
[Source 1958 | Single Head] epoch 5/50 | train_loss=0.012056 | val_loss=0.292139 | best_val_loss=0.250164 | best_epoch=2 | patience=3/5
[Source 1958 | Single Head] epoch 6/50 | train_loss=0.009588 | val_loss=0.289538 | best_val_loss=0.250164 | best_epoch=2 | patience=4/5
[Source 1958 | Single Head] epoch 7/50 | train_loss=0.006877 | val_loss=0.285245 | best_val_loss=0.250164 | best_epoch=2 | patience=5/5
[Source 1958 | Single Head] EARLY STOP at epoch 7 | best_epoch=2 | best_val_loss=0.250164
[Source 1958 | Single Head] TRAINING FINISHED | executed_epochs=7 | best_epoch=2 | best_val_loss=0.250164 | stopped_early=True

================================================================================
Source year 1959 | train_n=351 | val_n=51 | id_n=101
================================================================================
[Source 1959 | Single Head] epoch 1/50 | train_loss=0.055630 | val_loss=0.003314 | best_val_loss=0.003314 | best_epoch=1 | patience=0/5
[Source 1959 | Single Head] epoch 2/50 | train_loss=0.026473 | val_loss=0.003604 | best_val_loss=0.003314 | best_epoch=1 | patience=1/5
[Source 1959 | Single Head] epoch 3/50 | train_loss=0.019237 | val_loss=0.004853 | best_val_loss=0.003314 | best_epoch=1 | patience=2/5
[Source 1959 | Single Head] epoch 4/50 | train_loss=0.015500 | val_loss=0.003378 | best_val_loss=0.003314 | best_epoch=1 | patience=3/5
[Source 1959 | Single Head] epoch 5/50 | train_loss=0.018733 | val_loss=0.002824 | best_val_loss=0.002824 | best_epoch=5 | patience=0/5
[Source 1959 | Single Head] epoch 6/50 | train_loss=0.009704 | val_loss=0.003355 | best_val_loss=0.002824 | best_epoch=5 | patience=1/5
[Source 1959 | Single Head] epoch 7/50 | train_loss=0.005302 | val_loss=0.002317 | best_val_loss=0.002317 | best_epoch=7 | patience=0/5
[Source 1959 | Single Head] epoch 8/50 | train_loss=0.005515 | val_loss=0.002171 | best_val_loss=0.002171 | best_epoch=8 | patience=0/5
[Source 1959 | Single Head] epoch 9/50 | train_loss=0.006964 | val_loss=0.002089 | best_val_loss=0.002171 | best_epoch=8 | patience=1/5
[Source 1959 | Single Head] epoch 10/50 | train_loss=0.004598 | val_loss=0.002079 | best_val_loss=0.002171 | best_epoch=8 | patience=2/5
[Source 1959 | Single Head] epoch 11/50 | train_loss=0.013020 | val_loss=0.002276 | best_val_loss=0.002171 | best_epoch=8 | patience=3/5
[Source 1959 | Single Head] epoch 12/50 | train_loss=0.003335 | val_loss=0.002356 | best_val_loss=0.002171 | best_epoch=8 | patience=4/5
[Source 1959 | Single Head] epoch 13/50 | train_loss=0.004116 | val_loss=0.002008 | best_val_loss=0.002008 | best_epoch=13 | patience=0/5
[Source 1959 | Single Head] epoch 14/50 | train_loss=0.010087 | val_loss=0.002055 | best_val_loss=0.002008 | best_epoch=13 | patience=1/5
[Source 1959 | Single Head] epoch 15/50 | train_loss=0.019189 | val_loss=0.001673 | best_val_loss=0.001673 | best_epoch=15 | patience=0/5
[Source 1959 | Single Head] epoch 16/50 | train_loss=0.005201 | val_loss=0.002429 | best_val_loss=0.001673 | best_epoch=15 | patience=1/5
[Source 1959 | Single Head] epoch 17/50 | train_loss=0.003606 | val_loss=0.002208 | best_val_loss=0.001673 | best_epoch=15 | patience=2/5
[Source 1959 | Single Head] epoch 18/50 | train_loss=0.008147 | val_loss=0.002883 | best_val_loss=0.001673 | best_epoch=15 | patience=3/5
[Source 1959 | Single Head] epoch 19/50 | train_loss=0.008225 | val_loss=0.002181 | best_val_loss=0.001673 | best_epoch=15 | patience=4/5
[Source 1959 | Single Head] epoch 20/50 | train_loss=0.003279 | val_loss=0.001837 | best_val_loss=0.001673 | best_epoch=15 | patience=5/5
[Source 1959 | Single Head] EARLY STOP at epoch 20 | best_epoch=15 | best_val_loss=0.001673
[Source 1959 | Single Head] TRAINING FINISHED | executed_epochs=20 | best_epoch=15 | best_val_loss=0.001673 | stopped_early=True

================================================================================
Source year 1960 | train_n=209 | val_n=30 | id_n=60
================================================================================
[Source 1960 | Single Head] epoch 1/50 | train_loss=0.067850 | val_loss=0.001155 | best_val_loss=0.001155 | best_epoch=1 | patience=0/5
[Source 1960 | Single Head] epoch 2/50 | train_loss=0.038013 | val_loss=0.001552 | best_val_loss=0.001155 | best_epoch=1 | patience=1/5
[Source 1960 | Single Head] epoch 3/50 | train_loss=0.018629 | val_loss=0.001265 | best_val_loss=0.001155 | best_epoch=1 | patience=2/5
[Source 1960 | Single Head] epoch 4/50 | train_loss=0.013874 | val_loss=0.001007 | best_val_loss=0.001007 | best_epoch=4 | patience=0/5
[Source 1960 | Single Head] epoch 5/50 | train_loss=0.011573 | val_loss=0.000666 | best_val_loss=0.000666 | best_epoch=5 | patience=0/5
[Source 1960 | Single Head] epoch 6/50 | train_loss=0.007668 | val_loss=0.000637 | best_val_loss=0.000666 | best_epoch=5 | patience=1/5
[Source 1960 | Single Head] epoch 7/50 | train_loss=0.006452 | val_loss=0.000660 | best_val_loss=0.000666 | best_epoch=5 | patience=2/5
[Source 1960 | Single Head] epoch 8/50 | train_loss=0.005393 | val_loss=0.000772 | best_val_loss=0.000666 | best_epoch=5 | patience=3/5
[Source 1960 | Single Head] epoch 9/50 | train_loss=0.008062 | val_loss=0.001214 | best_val_loss=0.000666 | best_epoch=5 | patience=4/5
[Source 1960 | Single Head] epoch 10/50 | train_loss=0.015165 | val_loss=0.001180 | best_val_loss=0.000666 | best_epoch=5 | patience=5/5
[Source 1960 | Single Head] EARLY STOP at epoch 10 | best_epoch=5 | best_val_loss=0.000666
[Source 1960 | Single Head] TRAINING FINISHED | executed_epochs=10 | best_epoch=5 | best_val_loss=0.000666 | stopped_early=True

================================================================================
Source year 1961 | train_n=256 | val_n=37 | id_n=74
================================================================================
[Source 1961 | Single Head] epoch 1/50 | train_loss=0.094233 | val_loss=0.006855 | best_val_loss=0.006855 | best_epoch=1 | patience=0/5
[Source 1961 | Single Head] epoch 2/50 | train_loss=0.034450 | val_loss=0.010428 | best_val_loss=0.006855 | best_epoch=1 | patience=1/5
[Source 1961 | Single Head] epoch 3/50 | train_loss=0.047450 | val_loss=0.007336 | best_val_loss=0.006855 | best_epoch=1 | patience=2/5
[Source 1961 | Single Head] epoch 4/50 | train_loss=0.033874 | val_loss=0.001767 | best_val_loss=0.001767 | best_epoch=4 | patience=0/5
[Source 1961 | Single Head] epoch 5/50 | train_loss=0.014782 | val_loss=0.001218 | best_val_loss=0.001218 | best_epoch=5 | patience=0/5
[Source 1961 | Single Head] epoch 6/50 | train_loss=0.013540 | val_loss=0.001397 | best_val_loss=0.001218 | best_epoch=5 | patience=1/5
[Source 1961 | Single Head] epoch 7/50 | train_loss=0.032425 | val_loss=0.001483 | best_val_loss=0.001218 | best_epoch=5 | patience=2/5
[Source 1961 | Single Head] epoch 8/50 | train_loss=0.004468 | val_loss=0.001774 | best_val_loss=0.001218 | best_epoch=5 | patience=3/5
[Source 1961 | Single Head] epoch 9/50 | train_loss=0.005257 | val_loss=0.001898 | best_val_loss=0.001218 | best_epoch=5 | patience=4/5
[Source 1961 | Single Head] epoch 10/50 | train_loss=0.037844 | val_loss=0.002205 | best_val_loss=0.001218 | best_epoch=5 | patience=5/5
[Source 1961 | Single Head] EARLY STOP at epoch 10 | best_epoch=5 | best_val_loss=0.001218
[Source 1961 | Single Head] TRAINING FINISHED | executed_epochs=10 | best_epoch=5 | best_val_loss=0.001218 | stopped_early=True

================================================================================
Source year 1962 | train_n=287 | val_n=41 | id_n=83
================================================================================
[Source 1962 | Single Head] epoch 1/50 | train_loss=0.061238 | val_loss=0.003402 | best_val_loss=0.003402 | best_epoch=1 | patience=0/5
[Source 1962 | Single Head] epoch 2/50 | train_loss=0.025103 | val_loss=0.003651 | best_val_loss=0.003402 | best_epoch=1 | patience=1/5
[Source 1962 | Single Head] epoch 3/50 | train_loss=0.006599 | val_loss=0.003983 | best_val_loss=0.003402 | best_epoch=1 | patience=2/5
[Source 1962 | Single Head] epoch 4/50 | train_loss=0.005353 | val_loss=0.004327 | best_val_loss=0.003402 | best_epoch=1 | patience=3/5
[Source 1962 | Single Head] epoch 5/50 | train_loss=0.007496 | val_loss=0.003751 | best_val_loss=0.003402 | best_epoch=1 | patience=4/5
[Source 1962 | Single Head] epoch 6/50 | train_loss=0.003432 | val_loss=0.003664 | best_val_loss=0.003402 | best_epoch=1 | patience=5/5
[Source 1962 | Single Head] EARLY STOP at epoch 6 | best_epoch=1 | best_val_loss=0.003402
[Source 1962 | Single Head] TRAINING FINISHED | executed_epochs=6 | best_epoch=1 | best_val_loss=0.003402 | stopped_early=True

================================================================================
Source year 1963 | train_n=181 | val_n=26 | id_n=52
================================================================================
[Source 1963 | Single Head] epoch 1/50 | train_loss=0.050986 | val_loss=0.124270 | best_val_loss=0.124270 | best_epoch=1 | patience=0/5
[Source 1963 | Single Head] epoch 2/50 | train_loss=0.022863 | val_loss=0.009770 | best_val_loss=0.009770 | best_epoch=2 | patience=0/5
[Source 1963 | Single Head] epoch 3/50 | train_loss=0.022859 | val_loss=0.006329 | best_val_loss=0.006329 | best_epoch=3 | patience=0/5
[Source 1963 | Single Head] epoch 4/50 | train_loss=0.008449 | val_loss=0.009135 | best_val_loss=0.006329 | best_epoch=3 | patience=1/5
[Source 1963 | Single Head] epoch 5/50 | train_loss=0.004604 | val_loss=0.013584 | best_val_loss=0.006329 | best_epoch=3 | patience=2/5
[Source 1963 | Single Head] epoch 6/50 | train_loss=0.006440 | val_loss=0.014589 | best_val_loss=0.006329 | best_epoch=3 | patience=3/5
[Source 1963 | Single Head] epoch 7/50 | train_loss=0.003988 | val_loss=0.016590 | best_val_loss=0.006329 | best_epoch=3 | patience=4/5
[Source 1963 | Single Head] epoch 8/50 | train_loss=0.002584 | val_loss=0.012687 | best_val_loss=0.006329 | best_epoch=3 | patience=5/5
[Source 1963 | Single Head] EARLY STOP at epoch 8 | best_epoch=3 | best_val_loss=0.006329
[Source 1963 | Single Head] TRAINING FINISHED | executed_epochs=8 | best_epoch=3 | best_val_loss=0.006329 | stopped_early=True

================================================================================
Source year 1964 | train_n=218 | val_n=32 | id_n=63
================================================================================
[Source 1964 | Single Head] epoch 1/50 | train_loss=0.076090 | val_loss=0.000912 | best_val_loss=0.000912 | best_epoch=1 | patience=0/5
[Source 1964 | Single Head] epoch 2/50 | train_loss=0.046820 | val_loss=0.000865 | best_val_loss=0.000912 | best_epoch=1 | patience=1/5
[Source 1964 | Single Head] epoch 3/50 | train_loss=0.059831 | val_loss=0.000644 | best_val_loss=0.000644 | best_epoch=3 | patience=0/5
[Source 1964 | Single Head] epoch 4/50 | train_loss=0.041613 | val_loss=0.001881 | best_val_loss=0.000644 | best_epoch=3 | patience=1/5
[Source 1964 | Single Head] epoch 5/50 | train_loss=0.010888 | val_loss=0.004368 | best_val_loss=0.000644 | best_epoch=3 | patience=2/5
[Source 1964 | Single Head] epoch 6/50 | train_loss=0.009066 | val_loss=0.003315 | best_val_loss=0.000644 | best_epoch=3 | patience=3/5
[Source 1964 | Single Head] epoch 7/50 | train_loss=0.008833 | val_loss=0.003061 | best_val_loss=0.000644 | best_epoch=3 | patience=4/5
[Source 1964 | Single Head] epoch 8/50 | train_loss=0.008064 | val_loss=0.002583 | best_val_loss=0.000644 | best_epoch=3 | patience=5/5
[Source 1964 | Single Head] EARLY STOP at epoch 8 | best_epoch=3 | best_val_loss=0.000644
[Source 1964 | Single Head] TRAINING FINISHED | executed_epochs=8 | best_epoch=3 | best_val_loss=0.000644 | stopped_early=True

================================================================================
Source year 1965 | train_n=455 | val_n=65 | id_n=131
================================================================================
[Source 1965 | Single Head] epoch 1/50 | train_loss=0.026312 | val_loss=0.007966 | best_val_loss=0.007966 | best_epoch=1 | patience=0/5
[Source 1965 | Single Head] epoch 2/50 | train_loss=0.009338 | val_loss=0.009403 | best_val_loss=0.007966 | best_epoch=1 | patience=1/5
[Source 1965 | Single Head] epoch 3/50 | train_loss=0.015509 | val_loss=0.007665 | best_val_loss=0.007665 | best_epoch=3 | patience=0/5
[Source 1965 | Single Head] epoch 4/50 | train_loss=0.007734 | val_loss=0.005550 | best_val_loss=0.005550 | best_epoch=4 | patience=0/5
[Source 1965 | Single Head] epoch 5/50 | train_loss=0.014410 | val_loss=0.005372 | best_val_loss=0.005372 | best_epoch=5 | patience=0/5
[Source 1965 | Single Head] epoch 6/50 | train_loss=0.003518 | val_loss=0.004131 | best_val_loss=0.004131 | best_epoch=6 | patience=0/5
[Source 1965 | Single Head] epoch 7/50 | train_loss=0.005461 | val_loss=0.003385 | best_val_loss=0.003385 | best_epoch=7 | patience=0/5
[Source 1965 | Single Head] epoch 8/50 | train_loss=0.009310 | val_loss=0.005052 | best_val_loss=0.003385 | best_epoch=7 | patience=1/5
[Source 1965 | Single Head] epoch 9/50 | train_loss=0.014127 | val_loss=0.014833 | best_val_loss=0.003385 | best_epoch=7 | patience=2/5
[Source 1965 | Single Head] epoch 10/50 | train_loss=0.006804 | val_loss=0.009441 | best_val_loss=0.003385 | best_epoch=7 | patience=3/5
[Source 1965 | Single Head] epoch 11/50 | train_loss=0.004117 | val_loss=0.009773 | best_val_loss=0.003385 | best_epoch=7 | patience=4/5
[Source 1965 | Single Head] epoch 12/50 | train_loss=0.007438 | val_loss=0.007898 | best_val_loss=0.003385 | best_epoch=7 | patience=5/5
[Source 1965 | Single Head] EARLY STOP at epoch 12 | best_epoch=7 | best_val_loss=0.003385
[Source 1965 | Single Head] TRAINING FINISHED | executed_epochs=12 | best_epoch=7 | best_val_loss=0.003385 | stopped_early=True

================================================================================
Source year 1966 | train_n=340 | val_n=49 | id_n=98
================================================================================
[Source 1966 | Single Head] epoch 1/50 | train_loss=0.063798 | val_loss=0.025452 | best_val_loss=0.025452 | best_epoch=1 | patience=0/5
[Source 1966 | Single Head] epoch 2/50 | train_loss=0.043308 | val_loss=0.018228 | best_val_loss=0.018228 | best_epoch=2 | patience=0/5
[Source 1966 | Single Head] epoch 3/50 | train_loss=0.022310 | val_loss=0.013484 | best_val_loss=0.013484 | best_epoch=3 | patience=0/5
[Source 1966 | Single Head] epoch 4/50 | train_loss=0.015036 | val_loss=0.011612 | best_val_loss=0.011612 | best_epoch=4 | patience=0/5
[Source 1966 | Single Head] epoch 5/50 | train_loss=0.014864 | val_loss=0.016787 | best_val_loss=0.011612 | best_epoch=4 | patience=1/5
[Source 1966 | Single Head] epoch 6/50 | train_loss=0.013870 | val_loss=0.010028 | best_val_loss=0.010028 | best_epoch=6 | patience=0/5
[Source 1966 | Single Head] epoch 7/50 | train_loss=0.010079 | val_loss=0.009284 | best_val_loss=0.009284 | best_epoch=7 | patience=0/5
[Source 1966 | Single Head] epoch 8/50 | train_loss=0.005333 | val_loss=0.009598 | best_val_loss=0.009284 | best_epoch=7 | patience=1/5
[Source 1966 | Single Head] epoch 9/50 | train_loss=0.006673 | val_loss=0.009759 | best_val_loss=0.009284 | best_epoch=7 | patience=2/5
[Source 1966 | Single Head] epoch 10/50 | train_loss=0.022298 | val_loss=0.012888 | best_val_loss=0.009284 | best_epoch=7 | patience=3/5
[Source 1966 | Single Head] epoch 11/50 | train_loss=0.006138 | val_loss=0.015268 | best_val_loss=0.009284 | best_epoch=7 | patience=4/5
[Source 1966 | Single Head] epoch 12/50 | train_loss=0.011084 | val_loss=0.015549 | best_val_loss=0.009284 | best_epoch=7 | patience=5/5
[Source 1966 | Single Head] EARLY STOP at epoch 12 | best_epoch=7 | best_val_loss=0.009284
[Source 1966 | Single Head] TRAINING FINISHED | executed_epochs=12 | best_epoch=7 | best_val_loss=0.009284 | stopped_early=True

================================================================================
Source year 1967 | train_n=724 | val_n=104 | id_n=208
================================================================================
[Source 1967 | Single Head] epoch 1/50 | train_loss=0.034704 | val_loss=0.001643 | best_val_loss=0.001643 | best_epoch=1 | patience=0/5
[Source 1967 | Single Head] epoch 2/50 | train_loss=0.044647 | val_loss=0.009177 | best_val_loss=0.001643 | best_epoch=1 | patience=1/5
[Source 1967 | Single Head] epoch 3/50 | train_loss=0.027421 | val_loss=0.007542 | best_val_loss=0.001643 | best_epoch=1 | patience=2/5
[Source 1967 | Single Head] epoch 4/50 | train_loss=0.013173 | val_loss=0.001296 | best_val_loss=0.001296 | best_epoch=4 | patience=0/5
[Source 1967 | Single Head] epoch 5/50 | train_loss=0.003833 | val_loss=0.001051 | best_val_loss=0.001051 | best_epoch=5 | patience=0/5
[Source 1967 | Single Head] epoch 6/50 | train_loss=0.014967 | val_loss=0.002338 | best_val_loss=0.001051 | best_epoch=5 | patience=1/5
[Source 1967 | Single Head] epoch 7/50 | train_loss=0.006613 | val_loss=0.001244 | best_val_loss=0.001051 | best_epoch=5 | patience=2/5
[Source 1967 | Single Head] epoch 8/50 | train_loss=0.005195 | val_loss=0.002229 | best_val_loss=0.001051 | best_epoch=5 | patience=3/5
[Source 1967 | Single Head] epoch 9/50 | train_loss=0.004397 | val_loss=0.001281 | best_val_loss=0.001051 | best_epoch=5 | patience=4/5
[Source 1967 | Single Head] epoch 10/50 | train_loss=0.008686 | val_loss=0.001914 | best_val_loss=0.001051 | best_epoch=5 | patience=5/5
[Source 1967 | Single Head] EARLY STOP at epoch 10 | best_epoch=5 | best_val_loss=0.001051
[Source 1967 | Single Head] TRAINING FINISHED | executed_epochs=10 | best_epoch=5 | best_val_loss=0.001051 | stopped_early=True

================================================================================
Source year 1968 | train_n=234 | val_n=34 | id_n=68
================================================================================
[Source 1968 | Single Head] epoch 1/50 | train_loss=0.111017 | val_loss=0.035525 | best_val_loss=0.035525 | best_epoch=1 | patience=0/5
[Source 1968 | Single Head] epoch 2/50 | train_loss=0.092359 | val_loss=0.014002 | best_val_loss=0.014002 | best_epoch=2 | patience=0/5
[Source 1968 | Single Head] epoch 3/50 | train_loss=0.037302 | val_loss=0.008091 | best_val_loss=0.008091 | best_epoch=3 | patience=0/5
[Source 1968 | Single Head] epoch 4/50 | train_loss=0.016905 | val_loss=0.006123 | best_val_loss=0.006123 | best_epoch=4 | patience=0/5
[Source 1968 | Single Head] epoch 5/50 | train_loss=0.026161 | val_loss=0.008957 | best_val_loss=0.006123 | best_epoch=4 | patience=1/5
[Source 1968 | Single Head] epoch 6/50 | train_loss=0.009442 | val_loss=0.003657 | best_val_loss=0.003657 | best_epoch=6 | patience=0/5
[Source 1968 | Single Head] epoch 7/50 | train_loss=0.013637 | val_loss=0.004116 | best_val_loss=0.003657 | best_epoch=6 | patience=1/5
[Source 1968 | Single Head] epoch 8/50 | train_loss=0.015917 | val_loss=0.005367 | best_val_loss=0.003657 | best_epoch=6 | patience=2/5
[Source 1968 | Single Head] epoch 9/50 | train_loss=0.006932 | val_loss=0.005719 | best_val_loss=0.003657 | best_epoch=6 | patience=3/5
[Source 1968 | Single Head] epoch 10/50 | train_loss=0.009081 | val_loss=0.006837 | best_val_loss=0.003657 | best_epoch=6 | patience=4/5
[Source 1968 | Single Head] epoch 11/50 | train_loss=0.006388 | val_loss=0.006960 | best_val_loss=0.003657 | best_epoch=6 | patience=5/5
[Source 1968 | Single Head] EARLY STOP at epoch 11 | best_epoch=6 | best_val_loss=0.003657
[Source 1968 | Single Head] TRAINING FINISHED | executed_epochs=11 | best_epoch=6 | best_val_loss=0.003657 | stopped_early=True

================================================================================
Source year 1969 | train_n=431 | val_n=62 | id_n=124
================================================================================
[Source 1969 | Single Head] epoch 1/50 | train_loss=0.186544 | val_loss=0.136866 | best_val_loss=0.136866 | best_epoch=1 | patience=0/5
[Source 1969 | Single Head] epoch 2/50 | train_loss=0.118745 | val_loss=0.139972 | best_val_loss=0.136866 | best_epoch=1 | patience=1/5
[Source 1969 | Single Head] epoch 3/50 | train_loss=0.076900 | val_loss=0.117706 | best_val_loss=0.117706 | best_epoch=3 | patience=0/5
[Source 1969 | Single Head] epoch 4/50 | train_loss=0.070102 | val_loss=0.097106 | best_val_loss=0.097106 | best_epoch=4 | patience=0/5
[Source 1969 | Single Head] epoch 5/50 | train_loss=0.054491 | val_loss=0.095531 | best_val_loss=0.095531 | best_epoch=5 | patience=0/5
[Source 1969 | Single Head] epoch 6/50 | train_loss=0.037402 | val_loss=0.106153 | best_val_loss=0.095531 | best_epoch=5 | patience=1/5
[Source 1969 | Single Head] epoch 7/50 | train_loss=0.034543 | val_loss=0.091139 | best_val_loss=0.091139 | best_epoch=7 | patience=0/5
[Source 1969 | Single Head] epoch 8/50 | train_loss=0.023684 | val_loss=0.091411 | best_val_loss=0.091139 | best_epoch=7 | patience=1/5
[Source 1969 | Single Head] epoch 9/50 | train_loss=0.022143 | val_loss=0.090136 | best_val_loss=0.090136 | best_epoch=9 | patience=0/5
[Source 1969 | Single Head] epoch 10/50 | train_loss=0.021431 | val_loss=0.084987 | best_val_loss=0.084987 | best_epoch=10 | patience=0/5
[Source 1969 | Single Head] epoch 11/50 | train_loss=0.016443 | val_loss=0.078147 | best_val_loss=0.078147 | best_epoch=11 | patience=0/5
[Source 1969 | Single Head] epoch 12/50 | train_loss=0.016566 | val_loss=0.082515 | best_val_loss=0.078147 | best_epoch=11 | patience=1/5
[Source 1969 | Single Head] epoch 13/50 | train_loss=0.012278 | val_loss=0.084320 | best_val_loss=0.078147 | best_epoch=11 | patience=2/5
[Source 1969 | Single Head] epoch 14/50 | train_loss=0.011640 | val_loss=0.084476 | best_val_loss=0.078147 | best_epoch=11 | patience=3/5
[Source 1969 | Single Head] epoch 15/50 | train_loss=0.019175 | val_loss=0.082396 | best_val_loss=0.078147 | best_epoch=11 | patience=4/5
[Source 1969 | Single Head] epoch 16/50 | train_loss=0.011077 | val_loss=0.089614 | best_val_loss=0.078147 | best_epoch=11 | patience=5/5
[Source 1969 | Single Head] EARLY STOP at epoch 16 | best_epoch=11 | best_val_loss=0.078147
[Source 1969 | Single Head] TRAINING FINISHED | executed_epochs=16 | best_epoch=11 | best_val_loss=0.078147 | stopped_early=True

================================================================================
Source year 1970 | train_n=579 | val_n=83 | id_n=166
================================================================================
[Source 1970 | Single Head] epoch 1/50 | train_loss=0.182197 | val_loss=0.352213 | best_val_loss=0.352213 | best_epoch=1 | patience=0/5
[Source 1970 | Single Head] epoch 2/50 | train_loss=0.061563 | val_loss=0.054801 | best_val_loss=0.054801 | best_epoch=2 | patience=0/5
[Source 1970 | Single Head] epoch 3/50 | train_loss=0.052600 | val_loss=0.068014 | best_val_loss=0.054801 | best_epoch=2 | patience=1/5
[Source 1970 | Single Head] epoch 4/50 | train_loss=0.069479 | val_loss=0.133232 | best_val_loss=0.054801 | best_epoch=2 | patience=2/5
[Source 1970 | Single Head] epoch 5/50 | train_loss=0.049688 | val_loss=0.137164 | best_val_loss=0.054801 | best_epoch=2 | patience=3/5
[Source 1970 | Single Head] epoch 6/50 | train_loss=0.030089 | val_loss=0.101046 | best_val_loss=0.054801 | best_epoch=2 | patience=4/5
[Source 1970 | Single Head] epoch 7/50 | train_loss=0.022570 | val_loss=0.071237 | best_val_loss=0.054801 | best_epoch=2 | patience=5/5
[Source 1970 | Single Head] EARLY STOP at epoch 7 | best_epoch=2 | best_val_loss=0.054801
[Source 1970 | Single Head] TRAINING FINISHED | executed_epochs=7 | best_epoch=2 | best_val_loss=0.054801 | stopped_early=True
[Source | AUX-ONLY DOUBLE] aux-only epoch 1/50 | train_aux_loss=2.112498 | val_aux_loss=1.792620 | best_val_aux_loss=1.792620
[Source | AUX-ONLY DOUBLE] aux-only epoch 2/50 | train_aux_loss=1.664358 | val_aux_loss=1.544328 | best_val_aux_loss=1.544328
[Source | AUX-ONLY DOUBLE] aux-only epoch 3/50 | train_aux_loss=1.483949 | val_aux_loss=1.406220 | best_val_aux_loss=1.406220
[Source | AUX-ONLY DOUBLE] aux-only epoch 4/50 | train_aux_loss=1.375977 | val_aux_loss=1.311413 | best_val_aux_loss=1.311413
[Source | AUX-ONLY DOUBLE] aux-only epoch 5/50 | train_aux_loss=1.295856 | val_aux_loss=1.242980 | best_val_aux_loss=1.242980
[Source | AUX-ONLY DOUBLE] aux-only epoch 6/50 | train_aux_loss=1.235189 | val_aux_loss=1.197233 | best_val_aux_loss=1.197233
[Source | AUX-ONLY DOUBLE] aux-only epoch 7/50 | train_aux_loss=1.184900 | val_aux_loss=1.151613 | best_val_aux_loss=1.151613
[Source | AUX-ONLY DOUBLE] aux-only epoch 8/50 | train_aux_loss=1.144130 | val_aux_loss=1.118280 | best_val_aux_loss=1.118280
[Source | AUX-ONLY DOUBLE] aux-only epoch 9/50 | train_aux_loss=1.109480 | val_aux_loss=1.084489 | best_val_aux_loss=1.084489
[Source | AUX-ONLY DOUBLE] aux-only epoch 10/50 | train_aux_loss=1.077624 | val_aux_loss=1.063869 | best_val_aux_loss=1.063869
[Source | AUX-ONLY DOUBLE] aux-only epoch 11/50 | train_aux_loss=1.050985 | val_aux_loss=1.032665 | best_val_aux_loss=1.032665
[Source | AUX-ONLY DOUBLE] aux-only epoch 12/50 | train_aux_loss=1.026871 | val_aux_loss=1.011451 | best_val_aux_loss=1.011451
[Source | AUX-ONLY DOUBLE] aux-only epoch 13/50 | train_aux_loss=1.004186 | val_aux_loss=1.000348 | best_val_aux_loss=1.000348
[Source | AUX-ONLY DOUBLE] aux-only epoch 14/50 | train_aux_loss=0.983586 | val_aux_loss=0.981149 | best_val_aux_loss=0.981149
[Source | AUX-ONLY DOUBLE] aux-only epoch 15/50 | train_aux_loss=0.965115 | val_aux_loss=0.969392 | best_val_aux_loss=0.969392
[Source | AUX-ONLY DOUBLE] aux-only epoch 16/50 | train_aux_loss=0.947805 | val_aux_loss=0.946211 | best_val_aux_loss=0.946211
[Source | AUX-ONLY DOUBLE] aux-only epoch 17/50 | train_aux_loss=0.932215 | val_aux_loss=0.937291 | best_val_aux_loss=0.937291
[Source | AUX-ONLY DOUBLE] aux-only epoch 18/50 | train_aux_loss=0.917424 | val_aux_loss=0.926473 | best_val_aux_loss=0.926473
[Source | AUX-ONLY DOUBLE] aux-only epoch 19/50 | train_aux_loss=0.903927 | val_aux_loss=0.915895 | best_val_aux_loss=0.915895
[Source | AUX-ONLY DOUBLE] aux-only epoch 20/50 | train_aux_loss=0.891295 | val_aux_loss=0.902597 | best_val_aux_loss=0.902597
[Source | AUX-ONLY DOUBLE] aux-only epoch 21/50 | train_aux_loss=0.878270 | val_aux_loss=0.890162 | best_val_aux_loss=0.890162
[Source | AUX-ONLY DOUBLE] aux-only epoch 22/50 | train_aux_loss=0.868107 | val_aux_loss=0.886292 | best_val_aux_loss=0.886292
[Source | AUX-ONLY DOUBLE] aux-only epoch 23/50 | train_aux_loss=0.856670 | val_aux_loss=0.876130 | best_val_aux_loss=0.876130
[Source | AUX-ONLY DOUBLE] aux-only epoch 24/50 | train_aux_loss=0.845313 | val_aux_loss=0.864542 | best_val_aux_loss=0.864542
[Source | AUX-ONLY DOUBLE] aux-only epoch 25/50 | train_aux_loss=0.837057 | val_aux_loss=0.855985 | best_val_aux_loss=0.855985
[Source | AUX-ONLY DOUBLE] aux-only epoch 26/50 | train_aux_loss=0.827204 | val_aux_loss=0.850730 | best_val_aux_loss=0.850730
[Source | AUX-ONLY DOUBLE] aux-only epoch 27/50 | train_aux_loss=0.818078 | val_aux_loss=0.848675 | best_val_aux_loss=0.848675
[Source | AUX-ONLY DOUBLE] aux-only epoch 28/50 | train_aux_loss=0.809736 | val_aux_loss=0.839176 | best_val_aux_loss=0.839176
[Source | AUX-ONLY DOUBLE] aux-only epoch 29/50 | train_aux_loss=0.802048 | val_aux_loss=0.838876 | best_val_aux_loss=0.838876
[Source | AUX-ONLY DOUBLE] aux-only epoch 30/50 | train_aux_loss=0.793862 | val_aux_loss=0.819645 | best_val_aux_loss=0.819645
[Source | AUX-ONLY DOUBLE] aux-only epoch 31/50 | train_aux_loss=0.786523 | val_aux_loss=0.817907 | best_val_aux_loss=0.817907
[Source | AUX-ONLY DOUBLE] aux-only epoch 32/50 | train_aux_loss=0.779483 | val_aux_loss=0.811746 | best_val_aux_loss=0.811746
[Source | AUX-ONLY DOUBLE] aux-only epoch 33/50 | train_aux_loss=0.771930 | val_aux_loss=0.805694 | best_val_aux_loss=0.805694
[Source | AUX-ONLY DOUBLE] aux-only epoch 34/50 | train_aux_loss=0.765976 | val_aux_loss=0.801852 | best_val_aux_loss=0.801852
[Source | AUX-ONLY DOUBLE] aux-only epoch 35/50 | train_aux_loss=0.759431 | val_aux_loss=0.798173 | best_val_aux_loss=0.798173
[Source | AUX-ONLY DOUBLE] aux-only epoch 36/50 | train_aux_loss=0.753639 | val_aux_loss=0.795225 | best_val_aux_loss=0.795225
[Source | AUX-ONLY DOUBLE] aux-only epoch 37/50 | train_aux_loss=0.747263 | val_aux_loss=0.792593 | best_val_aux_loss=0.792593
[Source | AUX-ONLY DOUBLE] aux-only epoch 38/50 | train_aux_loss=0.741803 | val_aux_loss=0.784388 | best_val_aux_loss=0.784388
[Source | AUX-ONLY DOUBLE] aux-only epoch 39/50 | train_aux_loss=0.735503 | val_aux_loss=0.781523 | best_val_aux_loss=0.781523
[Source | AUX-ONLY DOUBLE] aux-only epoch 40/50 | train_aux_loss=0.730443 | val_aux_loss=0.772427 | best_val_aux_loss=0.772427
[Source | AUX-ONLY DOUBLE] aux-only epoch 41/50 | train_aux_loss=0.725728 | val_aux_loss=0.775626 | best_val_aux_loss=0.772427
[Source | AUX-ONLY DOUBLE] aux-only epoch 42/50 | train_aux_loss=0.721159 | val_aux_loss=0.764981 | best_val_aux_loss=0.764981
[Source | AUX-ONLY DOUBLE] aux-only epoch 43/50 | train_aux_loss=0.715390 | val_aux_loss=0.764601 | best_val_aux_loss=0.764601
[Source | AUX-ONLY DOUBLE] aux-only epoch 44/50 | train_aux_loss=0.709422 | val_aux_loss=0.758230 | best_val_aux_loss=0.758230
[Source | AUX-ONLY DOUBLE] aux-only epoch 45/50 | train_aux_loss=0.706599 | val_aux_loss=0.761729 | best_val_aux_loss=0.758230
[Source | AUX-ONLY DOUBLE] aux-only epoch 46/50 | train_aux_loss=0.701327 | val_aux_loss=0.753230 | best_val_aux_loss=0.753230
[Source | AUX-ONLY DOUBLE] aux-only epoch 47/50 | train_aux_loss=0.697491 | val_aux_loss=0.751313 | best_val_aux_loss=0.751313
[Source | AUX-ONLY DOUBLE] aux-only epoch 48/50 | train_aux_loss=0.692163 | val_aux_loss=0.751791 | best_val_aux_loss=0.751313
[Source | AUX-ONLY DOUBLE] aux-only epoch 49/50 | train_aux_loss=0.688528 | val_aux_loss=0.748130 | best_val_aux_loss=0.748130
[Source | AUX-ONLY DOUBLE] aux-only epoch 50/50 | train_aux_loss=0.684429 | val_aux_loss=0.738227 | best_val_aux_loss=0.738227
FINAL_AUX_ONLY_MAIN_SANITY | max_abs_logit_diff=0.000000000000e+00 | predictions_equal=True

OOD frozen year 1971 | test_n=40

OOD frozen year 1972 | test_n=96

OOD frozen year 1973 | test_n=63

OOD frozen year 1974 | test_n=154

OOD frozen year 1975 | test_n=164

OOD frozen year 1976 | test_n=72

OOD frozen year 1977 | test_n=109

OOD frozen year 1978 | test_n=47

OOD frozen year 1979 | test_n=128

OOD frozen year 1980 | test_n=121

OOD frozen year 1981 | test_n=51

OOD frozen year 1982 | test_n=99

OOD frozen year 1983 | test_n=81

OOD frozen year 1984 | test_n=240

OOD frozen year 1985 | test_n=100

OOD frozen year 1986 | test_n=55

OOD frozen year 1987 | test_n=117

OOD frozen year 1988 | test_n=72

OOD frozen year 1989 | test_n=156

OOD frozen year 1990 | test_n=161

OOD frozen year 1991 | test_n=86

OOD frozen year 1992 | test_n=95

OOD frozen year 1993 | test_n=45

OOD frozen year 1994 | test_n=107

OOD frozen year 1995 | test_n=128

OOD frozen year 1996 | test_n=84

OOD frozen year 1997 | test_n=102

OOD frozen year 1998 | test_n=127

OOD frozen year 1999 | test_n=132

OOD frozen year 2000 | test_n=92

OOD frozen year 2001 | test_n=126

OOD frozen year 2002 | test_n=144

OOD frozen year 2003 | test_n=83

OOD frozen year 2004 | test_n=102

OOD frozen year 2005 | test_n=89

OOD frozen year 2006 | test_n=14

OOD frozen year 2007 | test_n=49

OOD frozen year 2008 | test_n=62

OOD frozen year 2009 | test_n=101

OOD frozen year 2010 | test_n=105

OOD frozen year 2011 | test_n=18

OOD frozen year 2012 | test_n=26

OOD frozen year 2013 | test_n=99

TTA method metadata | state carries across OOD years

================================================================================
Supervised TAS reference | year 1971
================================================================================

TAS supervised Single Head | fine-tuning year 1971 | train_n=138 | val_n=20
[TAS 1971 | Single Head] epoch 1/50 | train_loss=0.296877 | val_loss=0.219534 | best_val_loss=0.219534 | best_epoch=1 | patience=0/5
[TAS 1971 | Single Head] epoch 2/50 | train_loss=0.149833 | val_loss=0.149034 | best_val_loss=0.149034 | best_epoch=2 | patience=0/5
[TAS 1971 | Single Head] epoch 3/50 | train_loss=0.117862 | val_loss=0.126447 | best_val_loss=0.126447 | best_epoch=3 | patience=0/5
[TAS 1971 | Single Head] epoch 4/50 | train_loss=0.052908 | val_loss=0.104304 | best_val_loss=0.104304 | best_epoch=4 | patience=0/5
[TAS 1971 | Single Head] epoch 5/50 | train_loss=0.098217 | val_loss=0.085321 | best_val_loss=0.085321 | best_epoch=5 | patience=0/5
[TAS 1971 | Single Head] epoch 6/50 | train_loss=0.027475 | val_loss=0.072186 | best_val_loss=0.072186 | best_epoch=6 | patience=0/5
[TAS 1971 | Single Head] epoch 7/50 | train_loss=0.020913 | val_loss=0.069383 | best_val_loss=0.069383 | best_epoch=7 | patience=0/5
[TAS 1971 | Single Head] epoch 8/50 | train_loss=0.029546 | val_loss=0.069943 | best_val_loss=0.069383 | best_epoch=7 | patience=1/5
[TAS 1971 | Single Head] epoch 9/50 | train_loss=0.011612 | val_loss=0.074270 | best_val_loss=0.069383 | best_epoch=7 | patience=2/5
[TAS 1971 | Single Head] epoch 10/50 | train_loss=0.017610 | val_loss=0.062240 | best_val_loss=0.062240 | best_epoch=10 | patience=0/5
[TAS 1971 | Single Head] epoch 11/50 | train_loss=0.012726 | val_loss=0.065524 | best_val_loss=0.062240 | best_epoch=10 | patience=1/5
[TAS 1971 | Single Head] epoch 12/50 | train_loss=0.005960 | val_loss=0.065828 | best_val_loss=0.062240 | best_epoch=10 | patience=2/5
[TAS 1971 | Single Head] epoch 13/50 | train_loss=0.007418 | val_loss=0.066879 | best_val_loss=0.062240 | best_epoch=10 | patience=3/5
[TAS 1971 | Single Head] epoch 14/50 | train_loss=0.013111 | val_loss=0.072177 | best_val_loss=0.062240 | best_epoch=10 | patience=4/5
[TAS 1971 | Single Head] epoch 15/50 | train_loss=0.004821 | val_loss=0.083267 | best_val_loss=0.062240 | best_epoch=10 | patience=5/5
[TAS 1971 | Single Head] EARLY STOP at epoch 15 | best_epoch=10 | best_val_loss=0.062240
[TAS 1971 | Single Head] TRAINING FINISHED | executed_epochs=15 | best_epoch=10 | best_val_loss=0.062240 | stopped_early=True

TAS supervised Double Head | fine-tuning year 1971 | train_n=138 | val_n=20
[TAS 1971 | Double Head] epoch 1/50 | train_loss=0.647669 | val_loss=0.329736 | best_val_loss=0.329736 | best_epoch=1 | patience=0/5
[TAS 1971 | Double Head] epoch 2/50 | train_loss=0.226019 | val_loss=0.234988 | best_val_loss=0.234988 | best_epoch=2 | patience=0/5
[TAS 1971 | Double Head] epoch 3/50 | train_loss=0.181481 | val_loss=0.168543 | best_val_loss=0.168543 | best_epoch=3 | patience=0/5
[TAS 1971 | Double Head] epoch 4/50 | train_loss=0.134277 | val_loss=0.142412 | best_val_loss=0.142412 | best_epoch=4 | patience=0/5
[TAS 1971 | Double Head] epoch 5/50 | train_loss=0.084591 | val_loss=0.110088 | best_val_loss=0.110088 | best_epoch=5 | patience=0/5
[TAS 1971 | Double Head] epoch 6/50 | train_loss=0.098949 | val_loss=0.087505 | best_val_loss=0.087505 | best_epoch=6 | patience=0/5
[TAS 1971 | Double Head] epoch 7/50 | train_loss=0.081278 | val_loss=0.082364 | best_val_loss=0.082364 | best_epoch=7 | patience=0/5
[TAS 1971 | Double Head] epoch 8/50 | train_loss=0.043906 | val_loss=0.077501 | best_val_loss=0.077501 | best_epoch=8 | patience=0/5
[TAS 1971 | Double Head] epoch 9/50 | train_loss=0.068576 | val_loss=0.082915 | best_val_loss=0.077501 | best_epoch=8 | patience=1/5
[TAS 1971 | Double Head] epoch 10/50 | train_loss=0.025727 | val_loss=0.103736 | best_val_loss=0.077501 | best_epoch=8 | patience=2/5
[TAS 1971 | Double Head] epoch 11/50 | train_loss=0.044639 | val_loss=0.130116 | best_val_loss=0.077501 | best_epoch=8 | patience=3/5
[TAS 1971 | Double Head] epoch 12/50 | train_loss=0.043913 | val_loss=0.117943 | best_val_loss=0.077501 | best_epoch=8 | patience=4/5
[TAS 1971 | Double Head] epoch 13/50 | train_loss=0.024079 | val_loss=0.109637 | best_val_loss=0.077501 | best_epoch=8 | patience=5/5
[TAS 1971 | Double Head] EARLY STOP at epoch 13 | best_epoch=8 | best_val_loss=0.077501
[TAS 1971 | Double Head] TRAINING FINISHED | executed_epochs=13 | best_epoch=8 | best_val_loss=0.077501 | stopped_early=True

================================================================================
Supervised TAS reference | year 1972
================================================================================

TAS supervised Single Head | fine-tuning year 1972 | train_n=334 | val_n=48
[TAS 1972 | Single Head] epoch 1/50 | train_loss=0.410585 | val_loss=0.416922 | best_val_loss=0.416922 | best_epoch=1 | patience=0/5
[TAS 1972 | Single Head] epoch 2/50 | train_loss=0.220767 | val_loss=0.226305 | best_val_loss=0.226305 | best_epoch=2 | patience=0/5
[TAS 1972 | Single Head] epoch 3/50 | train_loss=0.138651 | val_loss=0.123279 | best_val_loss=0.123279 | best_epoch=3 | patience=0/5
[TAS 1972 | Single Head] epoch 4/50 | train_loss=0.089145 | val_loss=0.110584 | best_val_loss=0.110584 | best_epoch=4 | patience=0/5
[TAS 1972 | Single Head] epoch 5/50 | train_loss=0.078664 | val_loss=0.097108 | best_val_loss=0.097108 | best_epoch=5 | patience=0/5
[TAS 1972 | Single Head] epoch 6/50 | train_loss=0.061031 | val_loss=0.089487 | best_val_loss=0.089487 | best_epoch=6 | patience=0/5
[TAS 1972 | Single Head] epoch 7/50 | train_loss=0.054471 | val_loss=0.091507 | best_val_loss=0.089487 | best_epoch=6 | patience=1/5
[TAS 1972 | Single Head] epoch 8/50 | train_loss=0.030379 | val_loss=0.099357 | best_val_loss=0.089487 | best_epoch=6 | patience=2/5
[TAS 1972 | Single Head] epoch 9/50 | train_loss=0.030799 | val_loss=0.106629 | best_val_loss=0.089487 | best_epoch=6 | patience=3/5
[TAS 1972 | Single Head] epoch 10/50 | train_loss=0.040269 | val_loss=0.113178 | best_val_loss=0.089487 | best_epoch=6 | patience=4/5
[TAS 1972 | Single Head] epoch 11/50 | train_loss=0.022330 | val_loss=0.109139 | best_val_loss=0.089487 | best_epoch=6 | patience=5/5
[TAS 1972 | Single Head] EARLY STOP at epoch 11 | best_epoch=6 | best_val_loss=0.089487
[TAS 1972 | Single Head] TRAINING FINISHED | executed_epochs=11 | best_epoch=6 | best_val_loss=0.089487 | stopped_early=True

TAS supervised Double Head | fine-tuning year 1972 | train_n=334 | val_n=48
[TAS 1972 | Double Head] epoch 1/50 | train_loss=0.799971 | val_loss=0.580101 | best_val_loss=0.580101 | best_epoch=1 | patience=0/5
[TAS 1972 | Double Head] epoch 2/50 | train_loss=0.381160 | val_loss=0.386929 | best_val_loss=0.386929 | best_epoch=2 | patience=0/5
[TAS 1972 | Double Head] epoch 3/50 | train_loss=0.212206 | val_loss=0.265967 | best_val_loss=0.265967 | best_epoch=3 | patience=0/5
[TAS 1972 | Double Head] epoch 4/50 | train_loss=0.183339 | val_loss=0.216012 | best_val_loss=0.216012 | best_epoch=4 | patience=0/5
[TAS 1972 | Double Head] epoch 5/50 | train_loss=0.137435 | val_loss=0.220969 | best_val_loss=0.216012 | best_epoch=4 | patience=1/5
[TAS 1972 | Double Head] epoch 6/50 | train_loss=0.115793 | val_loss=0.207731 | best_val_loss=0.207731 | best_epoch=6 | patience=0/5
[TAS 1972 | Double Head] epoch 7/50 | train_loss=0.094634 | val_loss=0.189332 | best_val_loss=0.189332 | best_epoch=7 | patience=0/5
[TAS 1972 | Double Head] epoch 8/50 | train_loss=0.054773 | val_loss=0.196878 | best_val_loss=0.189332 | best_epoch=7 | patience=1/5
[TAS 1972 | Double Head] epoch 9/50 | train_loss=0.053693 | val_loss=0.204593 | best_val_loss=0.189332 | best_epoch=7 | patience=2/5
[TAS 1972 | Double Head] epoch 10/50 | train_loss=0.078748 | val_loss=0.197667 | best_val_loss=0.189332 | best_epoch=7 | patience=3/5
[TAS 1972 | Double Head] epoch 11/50 | train_loss=0.056371 | val_loss=0.199402 | best_val_loss=0.189332 | best_epoch=7 | patience=4/5
[TAS 1972 | Double Head] epoch 12/50 | train_loss=0.041094 | val_loss=0.203852 | best_val_loss=0.189332 | best_epoch=7 | patience=5/5
[TAS 1972 | Double Head] EARLY STOP at epoch 12 | best_epoch=7 | best_val_loss=0.189332
[TAS 1972 | Double Head] TRAINING FINISHED | executed_epochs=12 | best_epoch=7 | best_val_loss=0.189332 | stopped_early=True

================================================================================
Supervised TAS reference | year 1973
================================================================================

TAS supervised Single Head | fine-tuning year 1973 | train_n=218 | val_n=32
[TAS 1973 | Single Head] epoch 1/50 | train_loss=0.205413 | val_loss=0.247247 | best_val_loss=0.247247 | best_epoch=1 | patience=0/5
[TAS 1973 | Single Head] epoch 2/50 | train_loss=0.153271 | val_loss=0.345421 | best_val_loss=0.247247 | best_epoch=1 | patience=1/5
[TAS 1973 | Single Head] epoch 3/50 | train_loss=0.121792 | val_loss=0.409099 | best_val_loss=0.247247 | best_epoch=1 | patience=2/5
[TAS 1973 | Single Head] epoch 4/50 | train_loss=0.055493 | val_loss=0.387008 | best_val_loss=0.247247 | best_epoch=1 | patience=3/5
[TAS 1973 | Single Head] epoch 5/50 | train_loss=0.065294 | val_loss=0.259578 | best_val_loss=0.247247 | best_epoch=1 | patience=4/5
[TAS 1973 | Single Head] epoch 6/50 | train_loss=0.066493 | val_loss=0.233764 | best_val_loss=0.233764 | best_epoch=6 | patience=0/5
[TAS 1973 | Single Head] epoch 7/50 | train_loss=0.032705 | val_loss=0.221490 | best_val_loss=0.221490 | best_epoch=7 | patience=0/5
[TAS 1973 | Single Head] epoch 8/50 | train_loss=0.030055 | val_loss=0.220295 | best_val_loss=0.220295 | best_epoch=8 | patience=0/5
[TAS 1973 | Single Head] epoch 9/50 | train_loss=0.039877 | val_loss=0.210466 | best_val_loss=0.210466 | best_epoch=9 | patience=0/5
[TAS 1973 | Single Head] epoch 10/50 | train_loss=0.014514 | val_loss=0.207285 | best_val_loss=0.207285 | best_epoch=10 | patience=0/5
[TAS 1973 | Single Head] epoch 11/50 | train_loss=0.014141 | val_loss=0.206372 | best_val_loss=0.206372 | best_epoch=11 | patience=0/5
[TAS 1973 | Single Head] epoch 12/50 | train_loss=0.026108 | val_loss=0.199486 | best_val_loss=0.199486 | best_epoch=12 | patience=0/5
[TAS 1973 | Single Head] epoch 13/50 | train_loss=0.024913 | val_loss=0.204058 | best_val_loss=0.199486 | best_epoch=12 | patience=1/5
[TAS 1973 | Single Head] epoch 14/50 | train_loss=0.015581 | val_loss=0.203138 | best_val_loss=0.199486 | best_epoch=12 | patience=2/5
[TAS 1973 | Single Head] epoch 15/50 | train_loss=0.009789 | val_loss=0.206991 | best_val_loss=0.199486 | best_epoch=12 | patience=3/5
[TAS 1973 | Single Head] epoch 16/50 | train_loss=0.009019 | val_loss=0.207266 | best_val_loss=0.199486 | best_epoch=12 | patience=4/5
[TAS 1973 | Single Head] epoch 17/50 | train_loss=0.013554 | val_loss=0.203314 | best_val_loss=0.199486 | best_epoch=12 | patience=5/5
[TAS 1973 | Single Head] EARLY STOP at epoch 17 | best_epoch=12 | best_val_loss=0.199486
[TAS 1973 | Single Head] TRAINING FINISHED | executed_epochs=17 | best_epoch=12 | best_val_loss=0.199486 | stopped_early=True

TAS supervised Double Head | fine-tuning year 1973 | train_n=218 | val_n=32
[TAS 1973 | Double Head] epoch 1/50 | train_loss=0.915886 | val_loss=0.442781 | best_val_loss=0.442781 | best_epoch=1 | patience=0/5
[TAS 1973 | Double Head] epoch 2/50 | train_loss=0.258979 | val_loss=0.375311 | best_val_loss=0.375311 | best_epoch=2 | patience=0/5
[TAS 1973 | Double Head] epoch 3/50 | train_loss=0.205406 | val_loss=0.433358 | best_val_loss=0.375311 | best_epoch=2 | patience=1/5
[TAS 1973 | Double Head] epoch 4/50 | train_loss=0.117024 | val_loss=0.458309 | best_val_loss=0.375311 | best_epoch=2 | patience=2/5
[TAS 1973 | Double Head] epoch 5/50 | train_loss=0.099982 | val_loss=0.389951 | best_val_loss=0.375311 | best_epoch=2 | patience=3/5
[TAS 1973 | Double Head] epoch 6/50 | train_loss=0.099797 | val_loss=0.324883 | best_val_loss=0.324883 | best_epoch=6 | patience=0/5
[TAS 1973 | Double Head] epoch 7/50 | train_loss=0.077992 | val_loss=0.279179 | best_val_loss=0.279179 | best_epoch=7 | patience=0/5
[TAS 1973 | Double Head] epoch 8/50 | train_loss=0.038253 | val_loss=0.255479 | best_val_loss=0.255479 | best_epoch=8 | patience=0/5
[TAS 1973 | Double Head] epoch 9/50 | train_loss=0.084267 | val_loss=0.225808 | best_val_loss=0.225808 | best_epoch=9 | patience=0/5
[TAS 1973 | Double Head] epoch 10/50 | train_loss=0.036566 | val_loss=0.210103 | best_val_loss=0.210103 | best_epoch=10 | patience=0/5
[TAS 1973 | Double Head] epoch 11/50 | train_loss=0.035783 | val_loss=0.213355 | best_val_loss=0.210103 | best_epoch=10 | patience=1/5
[TAS 1973 | Double Head] epoch 12/50 | train_loss=0.036258 | val_loss=0.216761 | best_val_loss=0.210103 | best_epoch=10 | patience=2/5
[TAS 1973 | Double Head] epoch 13/50 | train_loss=0.022790 | val_loss=0.221841 | best_val_loss=0.210103 | best_epoch=10 | patience=3/5
[TAS 1973 | Double Head] epoch 14/50 | train_loss=0.031172 | val_loss=0.222528 | best_val_loss=0.210103 | best_epoch=10 | patience=4/5
[TAS 1973 | Double Head] epoch 15/50 | train_loss=0.015859 | val_loss=0.229205 | best_val_loss=0.210103 | best_epoch=10 | patience=5/5
[TAS 1973 | Double Head] EARLY STOP at epoch 15 | best_epoch=10 | best_val_loss=0.210103
[TAS 1973 | Double Head] TRAINING FINISHED | executed_epochs=15 | best_epoch=10 | best_val_loss=0.210103 | stopped_early=True

================================================================================
Supervised TAS reference | year 1974
================================================================================

TAS supervised Single Head | fine-tuning year 1974 | train_n=538 | val_n=77
[TAS 1974 | Single Head] epoch 1/50 | train_loss=0.396856 | val_loss=0.317373 | best_val_loss=0.317373 | best_epoch=1 | patience=0/5
[TAS 1974 | Single Head] epoch 2/50 | train_loss=0.214811 | val_loss=0.279442 | best_val_loss=0.279442 | best_epoch=2 | patience=0/5
[TAS 1974 | Single Head] epoch 3/50 | train_loss=0.152372 | val_loss=0.229544 | best_val_loss=0.229544 | best_epoch=3 | patience=0/5
[TAS 1974 | Single Head] epoch 4/50 | train_loss=0.119113 | val_loss=0.273731 | best_val_loss=0.229544 | best_epoch=3 | patience=1/5
[TAS 1974 | Single Head] epoch 5/50 | train_loss=0.115572 | val_loss=0.284179 | best_val_loss=0.229544 | best_epoch=3 | patience=2/5
[TAS 1974 | Single Head] epoch 6/50 | train_loss=0.058226 | val_loss=0.299648 | best_val_loss=0.229544 | best_epoch=3 | patience=3/5
[TAS 1974 | Single Head] epoch 7/50 | train_loss=0.070938 | val_loss=0.252512 | best_val_loss=0.229544 | best_epoch=3 | patience=4/5
[TAS 1974 | Single Head] epoch 8/50 | train_loss=0.044268 | val_loss=0.282929 | best_val_loss=0.229544 | best_epoch=3 | patience=5/5
[TAS 1974 | Single Head] EARLY STOP at epoch 8 | best_epoch=3 | best_val_loss=0.229544
[TAS 1974 | Single Head] TRAINING FINISHED | executed_epochs=8 | best_epoch=3 | best_val_loss=0.229544 | stopped_early=True

TAS supervised Double Head | fine-tuning year 1974 | train_n=538 | val_n=77
[TAS 1974 | Double Head] epoch 1/50 | train_loss=0.767651 | val_loss=0.763510 | best_val_loss=0.763510 | best_epoch=1 | patience=0/5
[TAS 1974 | Double Head] epoch 2/50 | train_loss=0.332377 | val_loss=0.351917 | best_val_loss=0.351917 | best_epoch=2 | patience=0/5
[TAS 1974 | Double Head] epoch 3/50 | train_loss=0.229061 | val_loss=0.310046 | best_val_loss=0.310046 | best_epoch=3 | patience=0/5
[TAS 1974 | Double Head] epoch 4/50 | train_loss=0.182205 | val_loss=0.307926 | best_val_loss=0.307926 | best_epoch=4 | patience=0/5
[TAS 1974 | Double Head] epoch 5/50 | train_loss=0.144076 | val_loss=0.346071 | best_val_loss=0.307926 | best_epoch=4 | patience=1/5
[TAS 1974 | Double Head] epoch 6/50 | train_loss=0.125013 | val_loss=0.314655 | best_val_loss=0.307926 | best_epoch=4 | patience=2/5
[TAS 1974 | Double Head] epoch 7/50 | train_loss=0.093195 | val_loss=0.311340 | best_val_loss=0.307926 | best_epoch=4 | patience=3/5
[TAS 1974 | Double Head] epoch 8/50 | train_loss=0.079905 | val_loss=0.329612 | best_val_loss=0.307926 | best_epoch=4 | patience=4/5
[TAS 1974 | Double Head] epoch 9/50 | train_loss=0.069996 | val_loss=0.344537 | best_val_loss=0.307926 | best_epoch=4 | patience=5/5
[TAS 1974 | Double Head] EARLY STOP at epoch 9 | best_epoch=4 | best_val_loss=0.307926
[TAS 1974 | Double Head] TRAINING FINISHED | executed_epochs=9 | best_epoch=4 | best_val_loss=0.307926 | stopped_early=True

================================================================================
Supervised TAS reference | year 1975
================================================================================

TAS supervised Single Head | fine-tuning year 1975 | train_n=573 | val_n=82
[TAS 1975 | Single Head] epoch 1/50 | train_loss=0.358733 | val_loss=0.199163 | best_val_loss=0.199163 | best_epoch=1 | patience=0/5
[TAS 1975 | Single Head] epoch 2/50 | train_loss=0.266789 | val_loss=0.318920 | best_val_loss=0.199163 | best_epoch=1 | patience=1/5
[TAS 1975 | Single Head] epoch 3/50 | train_loss=0.175077 | val_loss=0.246793 | best_val_loss=0.199163 | best_epoch=1 | patience=2/5
[TAS 1975 | Single Head] epoch 4/50 | train_loss=0.132026 | val_loss=0.262146 | best_val_loss=0.199163 | best_epoch=1 | patience=3/5
[TAS 1975 | Single Head] epoch 5/50 | train_loss=0.103403 | val_loss=0.256513 | best_val_loss=0.199163 | best_epoch=1 | patience=4/5
[TAS 1975 | Single Head] epoch 6/50 | train_loss=0.082120 | val_loss=0.294576 | best_val_loss=0.199163 | best_epoch=1 | patience=5/5
[TAS 1975 | Single Head] EARLY STOP at epoch 6 | best_epoch=1 | best_val_loss=0.199163
[TAS 1975 | Single Head] TRAINING FINISHED | executed_epochs=6 | best_epoch=1 | best_val_loss=0.199163 | stopped_early=True

TAS supervised Double Head | fine-tuning year 1975 | train_n=573 | val_n=82
[TAS 1975 | Double Head] epoch 1/50 | train_loss=0.891640 | val_loss=0.322362 | best_val_loss=0.322362 | best_epoch=1 | patience=0/5
[TAS 1975 | Double Head] epoch 2/50 | train_loss=0.324201 | val_loss=0.322439 | best_val_loss=0.322362 | best_epoch=1 | patience=1/5
[TAS 1975 | Double Head] epoch 3/50 | train_loss=0.255780 | val_loss=0.348166 | best_val_loss=0.322362 | best_epoch=1 | patience=2/5
[TAS 1975 | Double Head] epoch 4/50 | train_loss=0.195509 | val_loss=0.315056 | best_val_loss=0.315056 | best_epoch=4 | patience=0/5
[TAS 1975 | Double Head] epoch 5/50 | train_loss=0.162890 | val_loss=0.295698 | best_val_loss=0.295698 | best_epoch=5 | patience=0/5
[TAS 1975 | Double Head] epoch 6/50 | train_loss=0.134097 | val_loss=0.314903 | best_val_loss=0.295698 | best_epoch=5 | patience=1/5
[TAS 1975 | Double Head] epoch 7/50 | train_loss=0.129627 | val_loss=0.301338 | best_val_loss=0.295698 | best_epoch=5 | patience=2/5
[TAS 1975 | Double Head] epoch 8/50 | train_loss=0.107770 | val_loss=0.304125 | best_val_loss=0.295698 | best_epoch=5 | patience=3/5
[TAS 1975 | Double Head] epoch 9/50 | train_loss=0.080831 | val_loss=0.329676 | best_val_loss=0.295698 | best_epoch=5 | patience=4/5
[TAS 1975 | Double Head] epoch 10/50 | train_loss=0.079222 | val_loss=0.312415 | best_val_loss=0.295698 | best_epoch=5 | patience=5/5
[TAS 1975 | Double Head] EARLY STOP at epoch 10 | best_epoch=5 | best_val_loss=0.295698
[TAS 1975 | Double Head] TRAINING FINISHED | executed_epochs=10 | best_epoch=5 | best_val_loss=0.295698 | stopped_early=True

================================================================================
Supervised TAS reference | year 1976
================================================================================

TAS supervised Single Head | fine-tuning year 1976 | train_n=250 | val_n=36
[TAS 1976 | Single Head] epoch 1/50 | train_loss=0.322469 | val_loss=0.345563 | best_val_loss=0.345563 | best_epoch=1 | patience=0/5
[TAS 1976 | Single Head] epoch 2/50 | train_loss=0.228229 | val_loss=0.562076 | best_val_loss=0.345563 | best_epoch=1 | patience=1/5
[TAS 1976 | Single Head] epoch 3/50 | train_loss=0.169466 | val_loss=0.525846 | best_val_loss=0.345563 | best_epoch=1 | patience=2/5
[TAS 1976 | Single Head] epoch 4/50 | train_loss=0.114187 | val_loss=0.426541 | best_val_loss=0.345563 | best_epoch=1 | patience=3/5
[TAS 1976 | Single Head] epoch 5/50 | train_loss=0.087662 | val_loss=0.399750 | best_val_loss=0.345563 | best_epoch=1 | patience=4/5
[TAS 1976 | Single Head] epoch 6/50 | train_loss=0.085442 | val_loss=0.378865 | best_val_loss=0.345563 | best_epoch=1 | patience=5/5
[TAS 1976 | Single Head] EARLY STOP at epoch 6 | best_epoch=1 | best_val_loss=0.345563
[TAS 1976 | Single Head] TRAINING FINISHED | executed_epochs=6 | best_epoch=1 | best_val_loss=0.345563 | stopped_early=True

TAS supervised Double Head | fine-tuning year 1976 | train_n=250 | val_n=36
[TAS 1976 | Double Head] epoch 1/50 | train_loss=0.865430 | val_loss=0.910092 | best_val_loss=0.910092 | best_epoch=1 | patience=0/5
[TAS 1976 | Double Head] epoch 2/50 | train_loss=0.341038 | val_loss=0.591713 | best_val_loss=0.591713 | best_epoch=2 | patience=0/5
[TAS 1976 | Double Head] epoch 3/50 | train_loss=0.218813 | val_loss=0.533664 | best_val_loss=0.533664 | best_epoch=3 | patience=0/5
[TAS 1976 | Double Head] epoch 4/50 | train_loss=0.164086 | val_loss=0.410387 | best_val_loss=0.410387 | best_epoch=4 | patience=0/5
[TAS 1976 | Double Head] epoch 5/50 | train_loss=0.131914 | val_loss=0.388380 | best_val_loss=0.388380 | best_epoch=5 | patience=0/5
[TAS 1976 | Double Head] epoch 6/50 | train_loss=0.119255 | val_loss=0.394260 | best_val_loss=0.388380 | best_epoch=5 | patience=1/5
[TAS 1976 | Double Head] epoch 7/50 | train_loss=0.088769 | val_loss=0.373755 | best_val_loss=0.373755 | best_epoch=7 | patience=0/5
[TAS 1976 | Double Head] epoch 8/50 | train_loss=0.115340 | val_loss=0.375193 | best_val_loss=0.373755 | best_epoch=7 | patience=1/5
[TAS 1976 | Double Head] epoch 9/50 | train_loss=0.076872 | val_loss=0.376169 | best_val_loss=0.373755 | best_epoch=7 | patience=2/5
[TAS 1976 | Double Head] epoch 10/50 | train_loss=0.053655 | val_loss=0.382785 | best_val_loss=0.373755 | best_epoch=7 | patience=3/5
[TAS 1976 | Double Head] epoch 11/50 | train_loss=0.048468 | val_loss=0.403422 | best_val_loss=0.373755 | best_epoch=7 | patience=4/5
[TAS 1976 | Double Head] epoch 12/50 | train_loss=0.056593 | val_loss=0.411261 | best_val_loss=0.373755 | best_epoch=7 | patience=5/5
[TAS 1976 | Double Head] EARLY STOP at epoch 12 | best_epoch=7 | best_val_loss=0.373755
[TAS 1976 | Double Head] TRAINING FINISHED | executed_epochs=12 | best_epoch=7 | best_val_loss=0.373755 | stopped_early=True

================================================================================
Supervised TAS reference | year 1977
================================================================================

TAS supervised Single Head | fine-tuning year 1977 | train_n=378 | val_n=55
[TAS 1977 | Single Head] epoch 1/50 | train_loss=0.301824 | val_loss=0.246073 | best_val_loss=0.246073 | best_epoch=1 | patience=0/5
[TAS 1977 | Single Head] epoch 2/50 | train_loss=0.182146 | val_loss=0.211637 | best_val_loss=0.211637 | best_epoch=2 | patience=0/5
[TAS 1977 | Single Head] epoch 3/50 | train_loss=0.146026 | val_loss=0.228638 | best_val_loss=0.211637 | best_epoch=2 | patience=1/5
[TAS 1977 | Single Head] epoch 4/50 | train_loss=0.100675 | val_loss=0.245483 | best_val_loss=0.211637 | best_epoch=2 | patience=2/5
[TAS 1977 | Single Head] epoch 5/50 | train_loss=0.090703 | val_loss=0.221911 | best_val_loss=0.211637 | best_epoch=2 | patience=3/5
[TAS 1977 | Single Head] epoch 6/50 | train_loss=0.064537 | val_loss=0.206289 | best_val_loss=0.206289 | best_epoch=6 | patience=0/5
[TAS 1977 | Single Head] epoch 7/50 | train_loss=0.072813 | val_loss=0.221288 | best_val_loss=0.206289 | best_epoch=6 | patience=1/5
[TAS 1977 | Single Head] epoch 8/50 | train_loss=0.056493 | val_loss=0.206815 | best_val_loss=0.206289 | best_epoch=6 | patience=2/5
[TAS 1977 | Single Head] epoch 9/50 | train_loss=0.050288 | val_loss=0.212765 | best_val_loss=0.206289 | best_epoch=6 | patience=3/5
[TAS 1977 | Single Head] epoch 10/50 | train_loss=0.044137 | val_loss=0.215169 | best_val_loss=0.206289 | best_epoch=6 | patience=4/5
[TAS 1977 | Single Head] epoch 11/50 | train_loss=0.034910 | val_loss=0.203479 | best_val_loss=0.203479 | best_epoch=11 | patience=0/5
[TAS 1977 | Single Head] epoch 12/50 | train_loss=0.039157 | val_loss=0.217254 | best_val_loss=0.203479 | best_epoch=11 | patience=1/5
[TAS 1977 | Single Head] epoch 13/50 | train_loss=0.022301 | val_loss=0.216531 | best_val_loss=0.203479 | best_epoch=11 | patience=2/5
[TAS 1977 | Single Head] epoch 14/50 | train_loss=0.036912 | val_loss=0.214690 | best_val_loss=0.203479 | best_epoch=11 | patience=3/5
[TAS 1977 | Single Head] epoch 15/50 | train_loss=0.030048 | val_loss=0.212480 | best_val_loss=0.203479 | best_epoch=11 | patience=4/5
[TAS 1977 | Single Head] epoch 16/50 | train_loss=0.026928 | val_loss=0.214830 | best_val_loss=0.203479 | best_epoch=11 | patience=5/5
[TAS 1977 | Single Head] EARLY STOP at epoch 16 | best_epoch=11 | best_val_loss=0.203479
[TAS 1977 | Single Head] TRAINING FINISHED | executed_epochs=16 | best_epoch=11 | best_val_loss=0.203479 | stopped_early=True

TAS supervised Double Head | fine-tuning year 1977 | train_n=378 | val_n=55
[TAS 1977 | Double Head] epoch 1/50 | train_loss=1.567193 | val_loss=1.363267 | best_val_loss=1.363267 | best_epoch=1 | patience=0/5
[TAS 1977 | Double Head] epoch 2/50 | train_loss=0.892162 | val_loss=1.051313 | best_val_loss=1.051313 | best_epoch=2 | patience=0/5
[TAS 1977 | Double Head] epoch 3/50 | train_loss=0.634073 | val_loss=0.709248 | best_val_loss=0.709248 | best_epoch=3 | patience=0/5
[TAS 1977 | Double Head] epoch 4/50 | train_loss=0.431313 | val_loss=0.564617 | best_val_loss=0.564617 | best_epoch=4 | patience=0/5
[TAS 1977 | Double Head] epoch 5/50 | train_loss=0.330624 | val_loss=0.455914 | best_val_loss=0.455914 | best_epoch=5 | patience=0/5
[TAS 1977 | Double Head] epoch 6/50 | train_loss=0.263363 | val_loss=0.397348 | best_val_loss=0.397348 | best_epoch=6 | patience=0/5
[TAS 1977 | Double Head] epoch 7/50 | train_loss=0.228860 | val_loss=0.352423 | best_val_loss=0.352423 | best_epoch=7 | patience=0/5
[TAS 1977 | Double Head] epoch 8/50 | train_loss=0.172136 | val_loss=0.327166 | best_val_loss=0.327166 | best_epoch=8 | patience=0/5
[TAS 1977 | Double Head] epoch 9/50 | train_loss=0.131828 | val_loss=0.284219 | best_val_loss=0.284219 | best_epoch=9 | patience=0/5
[TAS 1977 | Double Head] epoch 10/50 | train_loss=0.118864 | val_loss=0.258646 | best_val_loss=0.258646 | best_epoch=10 | patience=0/5
[TAS 1977 | Double Head] epoch 11/50 | train_loss=0.088450 | val_loss=0.234748 | best_val_loss=0.234748 | best_epoch=11 | patience=0/5
[TAS 1977 | Double Head] epoch 12/50 | train_loss=0.079670 | val_loss=0.265379 | best_val_loss=0.234748 | best_epoch=11 | patience=1/5
[TAS 1977 | Double Head] epoch 13/50 | train_loss=0.069533 | val_loss=0.250310 | best_val_loss=0.234748 | best_epoch=11 | patience=2/5
[TAS 1977 | Double Head] epoch 14/50 | train_loss=0.067364 | val_loss=0.218397 | best_val_loss=0.218397 | best_epoch=14 | patience=0/5
[TAS 1977 | Double Head] epoch 15/50 | train_loss=0.051731 | val_loss=0.218510 | best_val_loss=0.218397 | best_epoch=14 | patience=1/5
[TAS 1977 | Double Head] epoch 16/50 | train_loss=0.048814 | val_loss=0.236806 | best_val_loss=0.218397 | best_epoch=14 | patience=2/5
[TAS 1977 | Double Head] epoch 17/50 | train_loss=0.044024 | val_loss=0.214390 | best_val_loss=0.214390 | best_epoch=17 | patience=0/5
[TAS 1977 | Double Head] epoch 18/50 | train_loss=0.046036 | val_loss=0.203998 | best_val_loss=0.203998 | best_epoch=18 | patience=0/5
[TAS 1977 | Double Head] epoch 19/50 | train_loss=0.037055 | val_loss=0.205111 | best_val_loss=0.203998 | best_epoch=18 | patience=1/5
[TAS 1977 | Double Head] epoch 20/50 | train_loss=0.042524 | val_loss=0.206163 | best_val_loss=0.203998 | best_epoch=18 | patience=2/5
[TAS 1977 | Double Head] epoch 21/50 | train_loss=0.027935 | val_loss=0.211064 | best_val_loss=0.203998 | best_epoch=18 | patience=3/5
[TAS 1977 | Double Head] epoch 22/50 | train_loss=0.037890 | val_loss=0.209941 | best_val_loss=0.203998 | best_epoch=18 | patience=4/5
[TAS 1977 | Double Head] epoch 23/50 | train_loss=0.025536 | val_loss=0.214928 | best_val_loss=0.203998 | best_epoch=18 | patience=5/5
[TAS 1977 | Double Head] EARLY STOP at epoch 23 | best_epoch=18 | best_val_loss=0.203998
[TAS 1977 | Double Head] TRAINING FINISHED | executed_epochs=23 | best_epoch=18 | best_val_loss=0.203998 | stopped_early=True

================================================================================
Supervised TAS reference | year 1978
================================================================================

TAS supervised Single Head | fine-tuning year 1978 | train_n=163 | val_n=24
[TAS 1978 | Single Head] epoch 1/50 | train_loss=0.443814 | val_loss=0.458321 | best_val_loss=0.458321 | best_epoch=1 | patience=0/5
[TAS 1978 | Single Head] epoch 2/50 | train_loss=0.221633 | val_loss=0.404311 | best_val_loss=0.404311 | best_epoch=2 | patience=0/5
[TAS 1978 | Single Head] epoch 3/50 | train_loss=0.168129 | val_loss=0.372218 | best_val_loss=0.372218 | best_epoch=3 | patience=0/5
[TAS 1978 | Single Head] epoch 4/50 | train_loss=0.103584 | val_loss=0.418310 | best_val_loss=0.372218 | best_epoch=3 | patience=1/5
[TAS 1978 | Single Head] epoch 5/50 | train_loss=0.045275 | val_loss=0.412503 | best_val_loss=0.372218 | best_epoch=3 | patience=2/5
[TAS 1978 | Single Head] epoch 6/50 | train_loss=0.065872 | val_loss=0.479429 | best_val_loss=0.372218 | best_epoch=3 | patience=3/5
[TAS 1978 | Single Head] epoch 7/50 | train_loss=0.046937 | val_loss=0.515151 | best_val_loss=0.372218 | best_epoch=3 | patience=4/5
[TAS 1978 | Single Head] epoch 8/50 | train_loss=0.031810 | val_loss=0.430175 | best_val_loss=0.372218 | best_epoch=3 | patience=5/5
[TAS 1978 | Single Head] EARLY STOP at epoch 8 | best_epoch=3 | best_val_loss=0.372218
[TAS 1978 | Single Head] TRAINING FINISHED | executed_epochs=8 | best_epoch=3 | best_val_loss=0.372218 | stopped_early=True

TAS supervised Double Head | fine-tuning year 1978 | train_n=163 | val_n=24
[TAS 1978 | Double Head] epoch 1/50 | train_loss=0.836692 | val_loss=0.619718 | best_val_loss=0.619718 | best_epoch=1 | patience=0/5
[TAS 1978 | Double Head] epoch 2/50 | train_loss=0.404285 | val_loss=0.596815 | best_val_loss=0.596815 | best_epoch=2 | patience=0/5
[TAS 1978 | Double Head] epoch 3/50 | train_loss=0.236347 | val_loss=0.489734 | best_val_loss=0.489734 | best_epoch=3 | patience=0/5
[TAS 1978 | Double Head] epoch 4/50 | train_loss=0.171523 | val_loss=0.488244 | best_val_loss=0.488244 | best_epoch=4 | patience=0/5
[TAS 1978 | Double Head] epoch 5/50 | train_loss=0.099519 | val_loss=0.382550 | best_val_loss=0.382550 | best_epoch=5 | patience=0/5
[TAS 1978 | Double Head] epoch 6/50 | train_loss=0.090518 | val_loss=0.347578 | best_val_loss=0.347578 | best_epoch=6 | patience=0/5
[TAS 1978 | Double Head] epoch 7/50 | train_loss=0.096793 | val_loss=0.239530 | best_val_loss=0.239530 | best_epoch=7 | patience=0/5
[TAS 1978 | Double Head] epoch 8/50 | train_loss=0.097936 | val_loss=0.148451 | best_val_loss=0.148451 | best_epoch=8 | patience=0/5
[TAS 1978 | Double Head] epoch 9/50 | train_loss=0.102396 | val_loss=0.161342 | best_val_loss=0.148451 | best_epoch=8 | patience=1/5
[TAS 1978 | Double Head] epoch 10/50 | train_loss=0.111205 | val_loss=0.190027 | best_val_loss=0.148451 | best_epoch=8 | patience=2/5
[TAS 1978 | Double Head] epoch 11/50 | train_loss=0.098611 | val_loss=0.235584 | best_val_loss=0.148451 | best_epoch=8 | patience=3/5
[TAS 1978 | Double Head] epoch 12/50 | train_loss=0.053739 | val_loss=0.300277 | best_val_loss=0.148451 | best_epoch=8 | patience=4/5
[TAS 1978 | Double Head] epoch 13/50 | train_loss=0.037225 | val_loss=0.354984 | best_val_loss=0.148451 | best_epoch=8 | patience=5/5
[TAS 1978 | Double Head] EARLY STOP at epoch 13 | best_epoch=8 | best_val_loss=0.148451
[TAS 1978 | Double Head] TRAINING FINISHED | executed_epochs=13 | best_epoch=8 | best_val_loss=0.148451 | stopped_early=True

================================================================================
Supervised TAS reference | year 1979
================================================================================

TAS supervised Single Head | fine-tuning year 1979 | train_n=445 | val_n=64
[TAS 1979 | Single Head] epoch 1/50 | train_loss=0.276791 | val_loss=0.309379 | best_val_loss=0.309379 | best_epoch=1 | patience=0/5
[TAS 1979 | Single Head] epoch 2/50 | train_loss=0.183898 | val_loss=0.186046 | best_val_loss=0.186046 | best_epoch=2 | patience=0/5
[TAS 1979 | Single Head] epoch 3/50 | train_loss=0.144639 | val_loss=0.214401 | best_val_loss=0.186046 | best_epoch=2 | patience=1/5
[TAS 1979 | Single Head] epoch 4/50 | train_loss=0.099324 | val_loss=0.179422 | best_val_loss=0.179422 | best_epoch=4 | patience=0/5
[TAS 1979 | Single Head] epoch 5/50 | train_loss=0.086455 | val_loss=0.185481 | best_val_loss=0.179422 | best_epoch=4 | patience=1/5
[TAS 1979 | Single Head] epoch 6/50 | train_loss=0.073116 | val_loss=0.189375 | best_val_loss=0.179422 | best_epoch=4 | patience=2/5
[TAS 1979 | Single Head] epoch 7/50 | train_loss=0.055777 | val_loss=0.202579 | best_val_loss=0.179422 | best_epoch=4 | patience=3/5
[TAS 1979 | Single Head] epoch 8/50 | train_loss=0.050144 | val_loss=0.212747 | best_val_loss=0.179422 | best_epoch=4 | patience=4/5
[TAS 1979 | Single Head] epoch 9/50 | train_loss=0.058673 | val_loss=0.231546 | best_val_loss=0.179422 | best_epoch=4 | patience=5/5
[TAS 1979 | Single Head] EARLY STOP at epoch 9 | best_epoch=4 | best_val_loss=0.179422
[TAS 1979 | Single Head] TRAINING FINISHED | executed_epochs=9 | best_epoch=4 | best_val_loss=0.179422 | stopped_early=True

TAS supervised Double Head | fine-tuning year 1979 | train_n=445 | val_n=64
[TAS 1979 | Double Head] epoch 1/50 | train_loss=0.824907 | val_loss=0.401634 | best_val_loss=0.401634 | best_epoch=1 | patience=0/5
[TAS 1979 | Double Head] epoch 2/50 | train_loss=0.227360 | val_loss=0.539883 | best_val_loss=0.401634 | best_epoch=1 | patience=1/5
[TAS 1979 | Double Head] epoch 3/50 | train_loss=0.169979 | val_loss=0.229632 | best_val_loss=0.229632 | best_epoch=3 | patience=0/5
[TAS 1979 | Double Head] epoch 4/50 | train_loss=0.168867 | val_loss=0.203251 | best_val_loss=0.203251 | best_epoch=4 | patience=0/5
[TAS 1979 | Double Head] epoch 5/50 | train_loss=0.135458 | val_loss=0.243015 | best_val_loss=0.203251 | best_epoch=4 | patience=1/5
[TAS 1979 | Double Head] epoch 6/50 | train_loss=0.122531 | val_loss=0.208082 | best_val_loss=0.203251 | best_epoch=4 | patience=2/5
[TAS 1979 | Double Head] epoch 7/50 | train_loss=0.098321 | val_loss=0.242563 | best_val_loss=0.203251 | best_epoch=4 | patience=3/5
[TAS 1979 | Double Head] epoch 8/50 | train_loss=0.085175 | val_loss=0.227170 | best_val_loss=0.203251 | best_epoch=4 | patience=4/5
[TAS 1979 | Double Head] epoch 9/50 | train_loss=0.072866 | val_loss=0.224163 | best_val_loss=0.203251 | best_epoch=4 | patience=5/5
[TAS 1979 | Double Head] EARLY STOP at epoch 9 | best_epoch=4 | best_val_loss=0.203251
[TAS 1979 | Double Head] TRAINING FINISHED | executed_epochs=9 | best_epoch=4 | best_val_loss=0.203251 | stopped_early=True

================================================================================
Supervised TAS reference | year 1980
================================================================================

TAS supervised Single Head | fine-tuning year 1980 | train_n=420 | val_n=61
[TAS 1980 | Single Head] epoch 1/50 | train_loss=0.283386 | val_loss=0.356069 | best_val_loss=0.356069 | best_epoch=1 | patience=0/5
[TAS 1980 | Single Head] epoch 2/50 | train_loss=0.160202 | val_loss=0.376089 | best_val_loss=0.356069 | best_epoch=1 | patience=1/5
[TAS 1980 | Single Head] epoch 3/50 | train_loss=0.115334 | val_loss=0.313285 | best_val_loss=0.313285 | best_epoch=3 | patience=0/5
[TAS 1980 | Single Head] epoch 4/50 | train_loss=0.097300 | val_loss=0.349046 | best_val_loss=0.313285 | best_epoch=3 | patience=1/5
[TAS 1980 | Single Head] epoch 5/50 | train_loss=0.085719 | val_loss=0.310102 | best_val_loss=0.310102 | best_epoch=5 | patience=0/5
[TAS 1980 | Single Head] epoch 6/50 | train_loss=0.072975 | val_loss=0.316853 | best_val_loss=0.310102 | best_epoch=5 | patience=1/5
[TAS 1980 | Single Head] epoch 7/50 | train_loss=0.072936 | val_loss=0.337860 | best_val_loss=0.310102 | best_epoch=5 | patience=2/5
[TAS 1980 | Single Head] epoch 8/50 | train_loss=0.065115 | val_loss=0.328133 | best_val_loss=0.310102 | best_epoch=5 | patience=3/5
[TAS 1980 | Single Head] epoch 9/50 | train_loss=0.045531 | val_loss=0.298067 | best_val_loss=0.298067 | best_epoch=9 | patience=0/5
[TAS 1980 | Single Head] epoch 10/50 | train_loss=0.051435 | val_loss=0.292402 | best_val_loss=0.292402 | best_epoch=10 | patience=0/5
[TAS 1980 | Single Head] epoch 11/50 | train_loss=0.053970 | val_loss=0.302842 | best_val_loss=0.292402 | best_epoch=10 | patience=1/5
[TAS 1980 | Single Head] epoch 12/50 | train_loss=0.052169 | val_loss=0.398684 | best_val_loss=0.292402 | best_epoch=10 | patience=2/5
[TAS 1980 | Single Head] epoch 13/50 | train_loss=0.074813 | val_loss=0.400126 | best_val_loss=0.292402 | best_epoch=10 | patience=3/5
[TAS 1980 | Single Head] epoch 14/50 | train_loss=0.025649 | val_loss=0.293196 | best_val_loss=0.292402 | best_epoch=10 | patience=4/5
[TAS 1980 | Single Head] epoch 15/50 | train_loss=0.039909 | val_loss=0.332381 | best_val_loss=0.292402 | best_epoch=10 | patience=5/5
[TAS 1980 | Single Head] EARLY STOP at epoch 15 | best_epoch=10 | best_val_loss=0.292402
[TAS 1980 | Single Head] TRAINING FINISHED | executed_epochs=15 | best_epoch=10 | best_val_loss=0.292402 | stopped_early=True

TAS supervised Double Head | fine-tuning year 1980 | train_n=420 | val_n=61
[TAS 1980 | Double Head] epoch 1/50 | train_loss=1.007250 | val_loss=0.866117 | best_val_loss=0.866117 | best_epoch=1 | patience=0/5
[TAS 1980 | Double Head] epoch 2/50 | train_loss=0.337143 | val_loss=0.510823 | best_val_loss=0.510823 | best_epoch=2 | patience=0/5
[TAS 1980 | Double Head] epoch 3/50 | train_loss=0.203172 | val_loss=0.474651 | best_val_loss=0.474651 | best_epoch=3 | patience=0/5
[TAS 1980 | Double Head] epoch 4/50 | train_loss=0.182248 | val_loss=0.473482 | best_val_loss=0.473482 | best_epoch=4 | patience=0/5
[TAS 1980 | Double Head] epoch 5/50 | train_loss=0.148194 | val_loss=0.451316 | best_val_loss=0.451316 | best_epoch=5 | patience=0/5
[TAS 1980 | Double Head] epoch 6/50 | train_loss=0.126774 | val_loss=0.439931 | best_val_loss=0.439931 | best_epoch=6 | patience=0/5
[TAS 1980 | Double Head] epoch 7/50 | train_loss=0.099565 | val_loss=0.435447 | best_val_loss=0.435447 | best_epoch=7 | patience=0/5
[TAS 1980 | Double Head] epoch 8/50 | train_loss=0.105419 | val_loss=0.446377 | best_val_loss=0.435447 | best_epoch=7 | patience=1/5
[TAS 1980 | Double Head] epoch 9/50 | train_loss=0.097341 | val_loss=0.456877 | best_val_loss=0.435447 | best_epoch=7 | patience=2/5
[TAS 1980 | Double Head] epoch 10/50 | train_loss=0.082940 | val_loss=0.543103 | best_val_loss=0.435447 | best_epoch=7 | patience=3/5
[TAS 1980 | Double Head] epoch 11/50 | train_loss=0.092783 | val_loss=0.405840 | best_val_loss=0.405840 | best_epoch=11 | patience=0/5
[TAS 1980 | Double Head] epoch 12/50 | train_loss=0.067668 | val_loss=0.397788 | best_val_loss=0.397788 | best_epoch=12 | patience=0/5
[TAS 1980 | Double Head] epoch 13/50 | train_loss=0.078846 | val_loss=0.397133 | best_val_loss=0.397133 | best_epoch=13 | patience=0/5
[TAS 1980 | Double Head] epoch 14/50 | train_loss=0.051938 | val_loss=0.411530 | best_val_loss=0.397133 | best_epoch=13 | patience=1/5
[TAS 1980 | Double Head] epoch 15/50 | train_loss=0.058510 | val_loss=0.520057 | best_val_loss=0.397133 | best_epoch=13 | patience=2/5
[TAS 1980 | Double Head] epoch 16/50 | train_loss=0.059607 | val_loss=0.476317 | best_val_loss=0.397133 | best_epoch=13 | patience=3/5
[TAS 1980 | Double Head] epoch 17/50 | train_loss=0.058721 | val_loss=0.472323 | best_val_loss=0.397133 | best_epoch=13 | patience=4/5
[TAS 1980 | Double Head] epoch 18/50 | train_loss=0.051458 | val_loss=0.465871 | best_val_loss=0.397133 | best_epoch=13 | patience=5/5
[TAS 1980 | Double Head] EARLY STOP at epoch 18 | best_epoch=13 | best_val_loss=0.397133
[TAS 1980 | Double Head] TRAINING FINISHED | executed_epochs=18 | best_epoch=13 | best_val_loss=0.397133 | stopped_early=True

================================================================================
Supervised TAS reference | year 1981
================================================================================

TAS supervised Single Head | fine-tuning year 1981 | train_n=178 | val_n=26
[TAS 1981 | Single Head] epoch 1/50 | train_loss=0.276273 | val_loss=0.162467 | best_val_loss=0.162467 | best_epoch=1 | patience=0/5
[TAS 1981 | Single Head] epoch 2/50 | train_loss=0.150984 | val_loss=0.324943 | best_val_loss=0.162467 | best_epoch=1 | patience=1/5
[TAS 1981 | Single Head] epoch 3/50 | train_loss=0.096846 | val_loss=0.373738 | best_val_loss=0.162467 | best_epoch=1 | patience=2/5
[TAS 1981 | Single Head] epoch 4/50 | train_loss=0.057202 | val_loss=0.315155 | best_val_loss=0.162467 | best_epoch=1 | patience=3/5
[TAS 1981 | Single Head] epoch 5/50 | train_loss=0.045243 | val_loss=0.260255 | best_val_loss=0.162467 | best_epoch=1 | patience=4/5
[TAS 1981 | Single Head] epoch 6/50 | train_loss=0.027503 | val_loss=0.281357 | best_val_loss=0.162467 | best_epoch=1 | patience=5/5
[TAS 1981 | Single Head] EARLY STOP at epoch 6 | best_epoch=1 | best_val_loss=0.162467
[TAS 1981 | Single Head] TRAINING FINISHED | executed_epochs=6 | best_epoch=1 | best_val_loss=0.162467 | stopped_early=True

TAS supervised Double Head | fine-tuning year 1981 | train_n=178 | val_n=26
[TAS 1981 | Double Head] epoch 1/50 | train_loss=0.763910 | val_loss=0.454781 | best_val_loss=0.454781 | best_epoch=1 | patience=0/5
[TAS 1981 | Double Head] epoch 2/50 | train_loss=0.342179 | val_loss=0.503911 | best_val_loss=0.454781 | best_epoch=1 | patience=1/5
[TAS 1981 | Double Head] epoch 3/50 | train_loss=0.205844 | val_loss=0.555308 | best_val_loss=0.454781 | best_epoch=1 | patience=2/5
[TAS 1981 | Double Head] epoch 4/50 | train_loss=0.111940 | val_loss=0.516353 | best_val_loss=0.454781 | best_epoch=1 | patience=3/5
[TAS 1981 | Double Head] epoch 5/50 | train_loss=0.086316 | val_loss=0.444492 | best_val_loss=0.444492 | best_epoch=5 | patience=0/5
[TAS 1981 | Double Head] epoch 6/50 | train_loss=0.043387 | val_loss=0.393301 | best_val_loss=0.393301 | best_epoch=6 | patience=0/5
[TAS 1981 | Double Head] epoch 7/50 | train_loss=0.047688 | val_loss=0.340561 | best_val_loss=0.340561 | best_epoch=7 | patience=0/5
[TAS 1981 | Double Head] epoch 8/50 | train_loss=0.060871 | val_loss=0.325708 | best_val_loss=0.325708 | best_epoch=8 | patience=0/5
[TAS 1981 | Double Head] epoch 9/50 | train_loss=0.030802 | val_loss=0.309530 | best_val_loss=0.309530 | best_epoch=9 | patience=0/5
[TAS 1981 | Double Head] epoch 10/50 | train_loss=0.027329 | val_loss=0.298004 | best_val_loss=0.298004 | best_epoch=10 | patience=0/5
[TAS 1981 | Double Head] epoch 11/50 | train_loss=0.030501 | val_loss=0.295172 | best_val_loss=0.295172 | best_epoch=11 | patience=0/5
[TAS 1981 | Double Head] epoch 12/50 | train_loss=0.022851 | val_loss=0.301448 | best_val_loss=0.295172 | best_epoch=11 | patience=1/5
[TAS 1981 | Double Head] epoch 13/50 | train_loss=0.079884 | val_loss=0.309048 | best_val_loss=0.295172 | best_epoch=11 | patience=2/5
[TAS 1981 | Double Head] epoch 14/50 | train_loss=0.018650 | val_loss=0.348026 | best_val_loss=0.295172 | best_epoch=11 | patience=3/5
[TAS 1981 | Double Head] epoch 15/50 | train_loss=0.017840 | val_loss=0.351836 | best_val_loss=0.295172 | best_epoch=11 | patience=4/5
[TAS 1981 | Double Head] epoch 16/50 | train_loss=0.017701 | val_loss=0.336117 | best_val_loss=0.295172 | best_epoch=11 | patience=5/5
[TAS 1981 | Double Head] EARLY STOP at epoch 16 | best_epoch=11 | best_val_loss=0.295172
[TAS 1981 | Double Head] TRAINING FINISHED | executed_epochs=16 | best_epoch=11 | best_val_loss=0.295172 | stopped_early=True

================================================================================
Supervised TAS reference | year 1982
================================================================================

TAS supervised Single Head | fine-tuning year 1982 | train_n=345 | val_n=50
[TAS 1982 | Single Head] epoch 1/50 | train_loss=0.279455 | val_loss=0.343112 | best_val_loss=0.343112 | best_epoch=1 | patience=0/5
[TAS 1982 | Single Head] epoch 2/50 | train_loss=0.134436 | val_loss=0.171286 | best_val_loss=0.171286 | best_epoch=2 | patience=0/5
[TAS 1982 | Single Head] epoch 3/50 | train_loss=0.084573 | val_loss=0.096359 | best_val_loss=0.096359 | best_epoch=3 | patience=0/5
[TAS 1982 | Single Head] epoch 4/50 | train_loss=0.093160 | val_loss=0.077654 | best_val_loss=0.077654 | best_epoch=4 | patience=0/5
[TAS 1982 | Single Head] epoch 5/50 | train_loss=0.059802 | val_loss=0.078068 | best_val_loss=0.077654 | best_epoch=4 | patience=1/5
[TAS 1982 | Single Head] epoch 6/50 | train_loss=0.078588 | val_loss=0.060401 | best_val_loss=0.060401 | best_epoch=6 | patience=0/5
[TAS 1982 | Single Head] epoch 7/50 | train_loss=0.032080 | val_loss=0.072580 | best_val_loss=0.060401 | best_epoch=6 | patience=1/5
[TAS 1982 | Single Head] epoch 8/50 | train_loss=0.031566 | val_loss=0.067626 | best_val_loss=0.060401 | best_epoch=6 | patience=2/5
[TAS 1982 | Single Head] epoch 9/50 | train_loss=0.034120 | val_loss=0.069548 | best_val_loss=0.060401 | best_epoch=6 | patience=3/5
[TAS 1982 | Single Head] epoch 10/50 | train_loss=0.057142 | val_loss=0.089096 | best_val_loss=0.060401 | best_epoch=6 | patience=4/5
[TAS 1982 | Single Head] epoch 11/50 | train_loss=0.024406 | val_loss=0.089199 | best_val_loss=0.060401 | best_epoch=6 | patience=5/5
[TAS 1982 | Single Head] EARLY STOP at epoch 11 | best_epoch=6 | best_val_loss=0.060401
[TAS 1982 | Single Head] TRAINING FINISHED | executed_epochs=11 | best_epoch=6 | best_val_loss=0.060401 | stopped_early=True

TAS supervised Double Head | fine-tuning year 1982 | train_n=345 | val_n=50
[TAS 1982 | Double Head] epoch 1/50 | train_loss=0.532576 | val_loss=0.342942 | best_val_loss=0.342942 | best_epoch=1 | patience=0/5
[TAS 1982 | Double Head] epoch 2/50 | train_loss=0.252351 | val_loss=0.240054 | best_val_loss=0.240054 | best_epoch=2 | patience=0/5
[TAS 1982 | Double Head] epoch 3/50 | train_loss=0.155905 | val_loss=0.184619 | best_val_loss=0.184619 | best_epoch=3 | patience=0/5
[TAS 1982 | Double Head] epoch 4/50 | train_loss=0.099725 | val_loss=0.167003 | best_val_loss=0.167003 | best_epoch=4 | patience=0/5
[TAS 1982 | Double Head] epoch 5/50 | train_loss=0.090428 | val_loss=0.153592 | best_val_loss=0.153592 | best_epoch=5 | patience=0/5
[TAS 1982 | Double Head] epoch 6/50 | train_loss=0.058735 | val_loss=0.139524 | best_val_loss=0.139524 | best_epoch=6 | patience=0/5
[TAS 1982 | Double Head] epoch 7/50 | train_loss=0.076469 | val_loss=0.127891 | best_val_loss=0.127891 | best_epoch=7 | patience=0/5
[TAS 1982 | Double Head] epoch 8/50 | train_loss=0.055979 | val_loss=0.122328 | best_val_loss=0.122328 | best_epoch=8 | patience=0/5
[TAS 1982 | Double Head] epoch 9/50 | train_loss=0.056205 | val_loss=0.124201 | best_val_loss=0.122328 | best_epoch=8 | patience=1/5
[TAS 1982 | Double Head] epoch 10/50 | train_loss=0.042466 | val_loss=0.124622 | best_val_loss=0.122328 | best_epoch=8 | patience=2/5
[TAS 1982 | Double Head] epoch 11/50 | train_loss=0.039645 | val_loss=0.121092 | best_val_loss=0.121092 | best_epoch=11 | patience=0/5
[TAS 1982 | Double Head] epoch 12/50 | train_loss=0.061193 | val_loss=0.118574 | best_val_loss=0.118574 | best_epoch=12 | patience=0/5
[TAS 1982 | Double Head] epoch 13/50 | train_loss=0.036748 | val_loss=0.115046 | best_val_loss=0.115046 | best_epoch=13 | patience=0/5
[TAS 1982 | Double Head] epoch 14/50 | train_loss=0.034915 | val_loss=0.116133 | best_val_loss=0.115046 | best_epoch=13 | patience=1/5
[TAS 1982 | Double Head] epoch 15/50 | train_loss=0.031394 | val_loss=0.116509 | best_val_loss=0.115046 | best_epoch=13 | patience=2/5
[TAS 1982 | Double Head] epoch 16/50 | train_loss=0.040177 | val_loss=0.120644 | best_val_loss=0.115046 | best_epoch=13 | patience=3/5
[TAS 1982 | Double Head] epoch 17/50 | train_loss=0.034817 | val_loss=0.119168 | best_val_loss=0.115046 | best_epoch=13 | patience=4/5
[TAS 1982 | Double Head] epoch 18/50 | train_loss=0.023867 | val_loss=0.126235 | best_val_loss=0.115046 | best_epoch=13 | patience=5/5
[TAS 1982 | Double Head] EARLY STOP at epoch 18 | best_epoch=13 | best_val_loss=0.115046
[TAS 1982 | Double Head] TRAINING FINISHED | executed_epochs=18 | best_epoch=13 | best_val_loss=0.115046 | stopped_early=True

================================================================================
Supervised TAS reference | year 1983
================================================================================

TAS supervised Single Head | fine-tuning year 1983 | train_n=282 | val_n=41
[TAS 1983 | Single Head] epoch 1/50 | train_loss=0.261751 | val_loss=0.108883 | best_val_loss=0.108883 | best_epoch=1 | patience=0/5
[TAS 1983 | Single Head] epoch 2/50 | train_loss=0.148337 | val_loss=0.142427 | best_val_loss=0.108883 | best_epoch=1 | patience=1/5
[TAS 1983 | Single Head] epoch 3/50 | train_loss=0.092044 | val_loss=0.183244 | best_val_loss=0.108883 | best_epoch=1 | patience=2/5
[TAS 1983 | Single Head] epoch 4/50 | train_loss=0.053213 | val_loss=0.174340 | best_val_loss=0.108883 | best_epoch=1 | patience=3/5
[TAS 1983 | Single Head] epoch 5/50 | train_loss=0.058343 | val_loss=0.178852 | best_val_loss=0.108883 | best_epoch=1 | patience=4/5
[TAS 1983 | Single Head] epoch 6/50 | train_loss=0.035569 | val_loss=0.132539 | best_val_loss=0.108883 | best_epoch=1 | patience=5/5
[TAS 1983 | Single Head] EARLY STOP at epoch 6 | best_epoch=1 | best_val_loss=0.108883
[TAS 1983 | Single Head] TRAINING FINISHED | executed_epochs=6 | best_epoch=1 | best_val_loss=0.108883 | stopped_early=True

TAS supervised Double Head | fine-tuning year 1983 | train_n=282 | val_n=41
[TAS 1983 | Double Head] epoch 1/50 | train_loss=0.616566 | val_loss=0.157521 | best_val_loss=0.157521 | best_epoch=1 | patience=0/5
[TAS 1983 | Double Head] epoch 2/50 | train_loss=0.241653 | val_loss=0.233808 | best_val_loss=0.157521 | best_epoch=1 | patience=1/5
[TAS 1983 | Double Head] epoch 3/50 | train_loss=0.098284 | val_loss=0.216897 | best_val_loss=0.157521 | best_epoch=1 | patience=2/5
[TAS 1983 | Double Head] epoch 4/50 | train_loss=0.093860 | val_loss=0.184517 | best_val_loss=0.157521 | best_epoch=1 | patience=3/5
[TAS 1983 | Double Head] epoch 5/50 | train_loss=0.068862 | val_loss=0.138865 | best_val_loss=0.138865 | best_epoch=5 | patience=0/5
[TAS 1983 | Double Head] epoch 6/50 | train_loss=0.045738 | val_loss=0.113007 | best_val_loss=0.113007 | best_epoch=6 | patience=0/5
[TAS 1983 | Double Head] epoch 7/50 | train_loss=0.040786 | val_loss=0.103945 | best_val_loss=0.103945 | best_epoch=7 | patience=0/5
[TAS 1983 | Double Head] epoch 8/50 | train_loss=0.033514 | val_loss=0.091902 | best_val_loss=0.091902 | best_epoch=8 | patience=0/5
[TAS 1983 | Double Head] epoch 9/50 | train_loss=0.046411 | val_loss=0.104053 | best_val_loss=0.091902 | best_epoch=8 | patience=1/5
[TAS 1983 | Double Head] epoch 10/50 | train_loss=0.029856 | val_loss=0.097194 | best_val_loss=0.091902 | best_epoch=8 | patience=2/5
[TAS 1983 | Double Head] epoch 11/50 | train_loss=0.032457 | val_loss=0.100036 | best_val_loss=0.091902 | best_epoch=8 | patience=3/5
[TAS 1983 | Double Head] epoch 12/50 | train_loss=0.026288 | val_loss=0.101011 | best_val_loss=0.091902 | best_epoch=8 | patience=4/5
[TAS 1983 | Double Head] epoch 13/50 | train_loss=0.051897 | val_loss=0.085522 | best_val_loss=0.085522 | best_epoch=13 | patience=0/5
[TAS 1983 | Double Head] epoch 14/50 | train_loss=0.022481 | val_loss=0.100861 | best_val_loss=0.085522 | best_epoch=13 | patience=1/5
[TAS 1983 | Double Head] epoch 15/50 | train_loss=0.016051 | val_loss=0.102298 | best_val_loss=0.085522 | best_epoch=13 | patience=2/5
[TAS 1983 | Double Head] epoch 16/50 | train_loss=0.016638 | val_loss=0.081589 | best_val_loss=0.081589 | best_epoch=16 | patience=0/5
[TAS 1983 | Double Head] epoch 17/50 | train_loss=0.018353 | val_loss=0.072560 | best_val_loss=0.072560 | best_epoch=17 | patience=0/5
[TAS 1983 | Double Head] epoch 18/50 | train_loss=0.015219 | val_loss=0.073774 | best_val_loss=0.072560 | best_epoch=17 | patience=1/5
[TAS 1983 | Double Head] epoch 19/50 | train_loss=0.014431 | val_loss=0.073407 | best_val_loss=0.072560 | best_epoch=17 | patience=2/5
[TAS 1983 | Double Head] epoch 20/50 | train_loss=0.017167 | val_loss=0.073160 | best_val_loss=0.072560 | best_epoch=17 | patience=3/5
[TAS 1983 | Double Head] epoch 21/50 | train_loss=0.018157 | val_loss=0.072818 | best_val_loss=0.072560 | best_epoch=17 | patience=4/5
[TAS 1983 | Double Head] epoch 22/50 | train_loss=0.016952 | val_loss=0.064641 | best_val_loss=0.064641 | best_epoch=22 | patience=0/5
[TAS 1983 | Double Head] epoch 23/50 | train_loss=0.017963 | val_loss=0.059137 | best_val_loss=0.059137 | best_epoch=23 | patience=0/5
[TAS 1983 | Double Head] epoch 24/50 | train_loss=0.010573 | val_loss=0.062043 | best_val_loss=0.059137 | best_epoch=23 | patience=1/5
[TAS 1983 | Double Head] epoch 25/50 | train_loss=0.015188 | val_loss=0.069372 | best_val_loss=0.059137 | best_epoch=23 | patience=2/5
[TAS 1983 | Double Head] epoch 26/50 | train_loss=0.022796 | val_loss=0.075437 | best_val_loss=0.059137 | best_epoch=23 | patience=3/5
[TAS 1983 | Double Head] epoch 27/50 | train_loss=0.009006 | val_loss=0.070275 | best_val_loss=0.059137 | best_epoch=23 | patience=4/5
[TAS 1983 | Double Head] epoch 28/50 | train_loss=0.015972 | val_loss=0.063420 | best_val_loss=0.059137 | best_epoch=23 | patience=5/5
[TAS 1983 | Double Head] EARLY STOP at epoch 28 | best_epoch=23 | best_val_loss=0.059137
[TAS 1983 | Double Head] TRAINING FINISHED | executed_epochs=28 | best_epoch=23 | best_val_loss=0.059137 | stopped_early=True

================================================================================
Supervised TAS reference | year 1984
================================================================================

TAS supervised Single Head | fine-tuning year 1984 | train_n=837 | val_n=120
[TAS 1984 | Single Head] epoch 1/50 | train_loss=0.147934 | val_loss=0.185808 | best_val_loss=0.185808 | best_epoch=1 | patience=0/5
[TAS 1984 | Single Head] epoch 2/50 | train_loss=0.081621 | val_loss=0.142153 | best_val_loss=0.142153 | best_epoch=2 | patience=0/5
[TAS 1984 | Single Head] epoch 3/50 | train_loss=0.059711 | val_loss=0.131933 | best_val_loss=0.131933 | best_epoch=3 | patience=0/5
[TAS 1984 | Single Head] epoch 4/50 | train_loss=0.040804 | val_loss=0.124948 | best_val_loss=0.124948 | best_epoch=4 | patience=0/5
[TAS 1984 | Single Head] epoch 5/50 | train_loss=0.044980 | val_loss=0.149247 | best_val_loss=0.124948 | best_epoch=4 | patience=1/5
[TAS 1984 | Single Head] epoch 6/50 | train_loss=0.034810 | val_loss=0.121538 | best_val_loss=0.121538 | best_epoch=6 | patience=0/5
[TAS 1984 | Single Head] epoch 7/50 | train_loss=0.036968 | val_loss=0.129244 | best_val_loss=0.121538 | best_epoch=6 | patience=1/5
[TAS 1984 | Single Head] epoch 8/50 | train_loss=0.034829 | val_loss=0.136210 | best_val_loss=0.121538 | best_epoch=6 | patience=2/5
[TAS 1984 | Single Head] epoch 9/50 | train_loss=0.027851 | val_loss=0.131689 | best_val_loss=0.121538 | best_epoch=6 | patience=3/5
[TAS 1984 | Single Head] epoch 10/50 | train_loss=0.023064 | val_loss=0.132037 | best_val_loss=0.121538 | best_epoch=6 | patience=4/5
[TAS 1984 | Single Head] epoch 11/50 | train_loss=0.016764 | val_loss=0.137112 | best_val_loss=0.121538 | best_epoch=6 | patience=5/5
[TAS 1984 | Single Head] EARLY STOP at epoch 11 | best_epoch=6 | best_val_loss=0.121538
[TAS 1984 | Single Head] TRAINING FINISHED | executed_epochs=11 | best_epoch=6 | best_val_loss=0.121538 | stopped_early=True

TAS supervised Double Head | fine-tuning year 1984 | train_n=837 | val_n=120
[TAS 1984 | Double Head] epoch 1/50 | train_loss=0.668147 | val_loss=0.260478 | best_val_loss=0.260478 | best_epoch=1 | patience=0/5
[TAS 1984 | Double Head] epoch 2/50 | train_loss=0.146066 | val_loss=0.182620 | best_val_loss=0.182620 | best_epoch=2 | patience=0/5
[TAS 1984 | Double Head] epoch 3/50 | train_loss=0.083231 | val_loss=0.177961 | best_val_loss=0.177961 | best_epoch=3 | patience=0/5
[TAS 1984 | Double Head] epoch 4/50 | train_loss=0.076480 | val_loss=0.150302 | best_val_loss=0.150302 | best_epoch=4 | patience=0/5
[TAS 1984 | Double Head] epoch 5/50 | train_loss=0.048493 | val_loss=0.151188 | best_val_loss=0.150302 | best_epoch=4 | patience=1/5
[TAS 1984 | Double Head] epoch 6/50 | train_loss=0.035878 | val_loss=0.153901 | best_val_loss=0.150302 | best_epoch=4 | patience=2/5
[TAS 1984 | Double Head] epoch 7/50 | train_loss=0.034611 | val_loss=0.165827 | best_val_loss=0.150302 | best_epoch=4 | patience=3/5
[TAS 1984 | Double Head] epoch 8/50 | train_loss=0.051079 | val_loss=0.146113 | best_val_loss=0.146113 | best_epoch=8 | patience=0/5
[TAS 1984 | Double Head] epoch 9/50 | train_loss=0.031296 | val_loss=0.139465 | best_val_loss=0.139465 | best_epoch=9 | patience=0/5
[TAS 1984 | Double Head] epoch 10/50 | train_loss=0.036671 | val_loss=0.148870 | best_val_loss=0.139465 | best_epoch=9 | patience=1/5
[TAS 1984 | Double Head] epoch 11/50 | train_loss=0.047343 | val_loss=0.159940 | best_val_loss=0.139465 | best_epoch=9 | patience=2/5
[TAS 1984 | Double Head] epoch 12/50 | train_loss=0.042542 | val_loss=0.210216 | best_val_loss=0.139465 | best_epoch=9 | patience=3/5
[TAS 1984 | Double Head] epoch 13/50 | train_loss=0.033371 | val_loss=0.145608 | best_val_loss=0.139465 | best_epoch=9 | patience=4/5
[TAS 1984 | Double Head] epoch 14/50 | train_loss=0.022423 | val_loss=0.142030 | best_val_loss=0.139465 | best_epoch=9 | patience=5/5
[TAS 1984 | Double Head] EARLY STOP at epoch 14 | best_epoch=9 | best_val_loss=0.139465
[TAS 1984 | Double Head] TRAINING FINISHED | executed_epochs=14 | best_epoch=9 | best_val_loss=0.139465 | stopped_early=True

================================================================================
Supervised TAS reference | year 1985
================================================================================

TAS supervised Single Head | fine-tuning year 1985 | train_n=347 | val_n=50
[TAS 1985 | Single Head] epoch 1/50 | train_loss=0.151699 | val_loss=0.081812 | best_val_loss=0.081812 | best_epoch=1 | patience=0/5
[TAS 1985 | Single Head] epoch 2/50 | train_loss=0.066285 | val_loss=0.059338 | best_val_loss=0.059338 | best_epoch=2 | patience=0/5
[TAS 1985 | Single Head] epoch 3/50 | train_loss=0.055500 | val_loss=0.045305 | best_val_loss=0.045305 | best_epoch=3 | patience=0/5
[TAS 1985 | Single Head] epoch 4/50 | train_loss=0.046704 | val_loss=0.040403 | best_val_loss=0.040403 | best_epoch=4 | patience=0/5
[TAS 1985 | Single Head] epoch 5/50 | train_loss=0.048193 | val_loss=0.042748 | best_val_loss=0.040403 | best_epoch=4 | patience=1/5
[TAS 1985 | Single Head] epoch 6/50 | train_loss=0.043376 | val_loss=0.041381 | best_val_loss=0.040403 | best_epoch=4 | patience=2/5
[TAS 1985 | Single Head] epoch 7/50 | train_loss=0.025743 | val_loss=0.036740 | best_val_loss=0.036740 | best_epoch=7 | patience=0/5
[TAS 1985 | Single Head] epoch 8/50 | train_loss=0.020989 | val_loss=0.033760 | best_val_loss=0.033760 | best_epoch=8 | patience=0/5
[TAS 1985 | Single Head] epoch 9/50 | train_loss=0.014232 | val_loss=0.032027 | best_val_loss=0.032027 | best_epoch=9 | patience=0/5
[TAS 1985 | Single Head] epoch 10/50 | train_loss=0.023934 | val_loss=0.033932 | best_val_loss=0.032027 | best_epoch=9 | patience=1/5
[TAS 1985 | Single Head] epoch 11/50 | train_loss=0.027303 | val_loss=0.036115 | best_val_loss=0.032027 | best_epoch=9 | patience=2/5
[TAS 1985 | Single Head] epoch 12/50 | train_loss=0.020610 | val_loss=0.037530 | best_val_loss=0.032027 | best_epoch=9 | patience=3/5
[TAS 1985 | Single Head] epoch 13/50 | train_loss=0.017754 | val_loss=0.038272 | best_val_loss=0.032027 | best_epoch=9 | patience=4/5
[TAS 1985 | Single Head] epoch 14/50 | train_loss=0.015752 | val_loss=0.034654 | best_val_loss=0.032027 | best_epoch=9 | patience=5/5
[TAS 1985 | Single Head] EARLY STOP at epoch 14 | best_epoch=9 | best_val_loss=0.032027
[TAS 1985 | Single Head] TRAINING FINISHED | executed_epochs=14 | best_epoch=9 | best_val_loss=0.032027 | stopped_early=True

TAS supervised Double Head | fine-tuning year 1985 | train_n=347 | val_n=50
[TAS 1985 | Double Head] epoch 1/50 | train_loss=0.547231 | val_loss=0.293049 | best_val_loss=0.293049 | best_epoch=1 | patience=0/5
[TAS 1985 | Double Head] epoch 2/50 | train_loss=0.155237 | val_loss=0.151032 | best_val_loss=0.151032 | best_epoch=2 | patience=0/5
[TAS 1985 | Double Head] epoch 3/50 | train_loss=0.094715 | val_loss=0.118836 | best_val_loss=0.118836 | best_epoch=3 | patience=0/5
[TAS 1985 | Double Head] epoch 4/50 | train_loss=0.056743 | val_loss=0.095149 | best_val_loss=0.095149 | best_epoch=4 | patience=0/5
[TAS 1985 | Double Head] epoch 5/50 | train_loss=0.047765 | val_loss=0.076529 | best_val_loss=0.076529 | best_epoch=5 | patience=0/5
[TAS 1985 | Double Head] epoch 6/50 | train_loss=0.049571 | val_loss=0.079162 | best_val_loss=0.076529 | best_epoch=5 | patience=1/5
[TAS 1985 | Double Head] epoch 7/50 | train_loss=0.032166 | val_loss=0.075718 | best_val_loss=0.075718 | best_epoch=7 | patience=0/5
[TAS 1985 | Double Head] epoch 8/50 | train_loss=0.028854 | val_loss=0.071013 | best_val_loss=0.071013 | best_epoch=8 | patience=0/5
[TAS 1985 | Double Head] epoch 9/50 | train_loss=0.028556 | val_loss=0.070591 | best_val_loss=0.070591 | best_epoch=9 | patience=0/5
[TAS 1985 | Double Head] epoch 10/50 | train_loss=0.022116 | val_loss=0.075210 | best_val_loss=0.070591 | best_epoch=9 | patience=1/5
[TAS 1985 | Double Head] epoch 11/50 | train_loss=0.025237 | val_loss=0.076894 | best_val_loss=0.070591 | best_epoch=9 | patience=2/5
[TAS 1985 | Double Head] epoch 12/50 | train_loss=0.018233 | val_loss=0.073293 | best_val_loss=0.070591 | best_epoch=9 | patience=3/5
[TAS 1985 | Double Head] epoch 13/50 | train_loss=0.028444 | val_loss=0.074959 | best_val_loss=0.070591 | best_epoch=9 | patience=4/5
[TAS 1985 | Double Head] epoch 14/50 | train_loss=0.019337 | val_loss=0.079648 | best_val_loss=0.070591 | best_epoch=9 | patience=5/5
[TAS 1985 | Double Head] EARLY STOP at epoch 14 | best_epoch=9 | best_val_loss=0.070591
[TAS 1985 | Double Head] TRAINING FINISHED | executed_epochs=14 | best_epoch=9 | best_val_loss=0.070591 | stopped_early=True

================================================================================
Supervised TAS reference | year 1986
================================================================================

TAS supervised Single Head | fine-tuning year 1986 | train_n=190 | val_n=28
[TAS 1986 | Single Head] epoch 1/50 | train_loss=0.206984 | val_loss=0.024831 | best_val_loss=0.024831 | best_epoch=1 | patience=0/5
[TAS 1986 | Single Head] epoch 2/50 | train_loss=0.140329 | val_loss=0.078431 | best_val_loss=0.024831 | best_epoch=1 | patience=1/5
[TAS 1986 | Single Head] epoch 3/50 | train_loss=0.117019 | val_loss=0.073710 | best_val_loss=0.024831 | best_epoch=1 | patience=2/5
[TAS 1986 | Single Head] epoch 4/50 | train_loss=0.087331 | val_loss=0.064154 | best_val_loss=0.024831 | best_epoch=1 | patience=3/5
[TAS 1986 | Single Head] epoch 5/50 | train_loss=0.071562 | val_loss=0.091597 | best_val_loss=0.024831 | best_epoch=1 | patience=4/5
[TAS 1986 | Single Head] epoch 6/50 | train_loss=0.066827 | val_loss=0.083908 | best_val_loss=0.024831 | best_epoch=1 | patience=5/5
[TAS 1986 | Single Head] EARLY STOP at epoch 6 | best_epoch=1 | best_val_loss=0.024831
[TAS 1986 | Single Head] TRAINING FINISHED | executed_epochs=6 | best_epoch=1 | best_val_loss=0.024831 | stopped_early=True

TAS supervised Double Head | fine-tuning year 1986 | train_n=190 | val_n=28
[TAS 1986 | Double Head] epoch 1/50 | train_loss=0.408659 | val_loss=0.161400 | best_val_loss=0.161400 | best_epoch=1 | patience=0/5
[TAS 1986 | Double Head] epoch 2/50 | train_loss=0.305547 | val_loss=0.136062 | best_val_loss=0.136062 | best_epoch=2 | patience=0/5
[TAS 1986 | Double Head] epoch 3/50 | train_loss=0.146034 | val_loss=0.128210 | best_val_loss=0.128210 | best_epoch=3 | patience=0/5
[TAS 1986 | Double Head] epoch 4/50 | train_loss=0.086034 | val_loss=0.186876 | best_val_loss=0.128210 | best_epoch=3 | patience=1/5
[TAS 1986 | Double Head] epoch 5/50 | train_loss=0.068923 | val_loss=0.187619 | best_val_loss=0.128210 | best_epoch=3 | patience=2/5
[TAS 1986 | Double Head] epoch 6/50 | train_loss=0.070561 | val_loss=0.158846 | best_val_loss=0.128210 | best_epoch=3 | patience=3/5
[TAS 1986 | Double Head] epoch 7/50 | train_loss=0.045071 | val_loss=0.129968 | best_val_loss=0.128210 | best_epoch=3 | patience=4/5
[TAS 1986 | Double Head] epoch 8/50 | train_loss=0.048926 | val_loss=0.112973 | best_val_loss=0.112973 | best_epoch=8 | patience=0/5
[TAS 1986 | Double Head] epoch 9/50 | train_loss=0.035696 | val_loss=0.119852 | best_val_loss=0.112973 | best_epoch=8 | patience=1/5
[TAS 1986 | Double Head] epoch 10/50 | train_loss=0.027351 | val_loss=0.136137 | best_val_loss=0.112973 | best_epoch=8 | patience=2/5
[TAS 1986 | Double Head] epoch 11/50 | train_loss=0.019112 | val_loss=0.127845 | best_val_loss=0.112973 | best_epoch=8 | patience=3/5
[TAS 1986 | Double Head] epoch 12/50 | train_loss=0.025716 | val_loss=0.130685 | best_val_loss=0.112973 | best_epoch=8 | patience=4/5
[TAS 1986 | Double Head] epoch 13/50 | train_loss=0.019393 | val_loss=0.108025 | best_val_loss=0.108025 | best_epoch=13 | patience=0/5
[TAS 1986 | Double Head] epoch 14/50 | train_loss=0.021003 | val_loss=0.093230 | best_val_loss=0.093230 | best_epoch=14 | patience=0/5
[TAS 1986 | Double Head] epoch 15/50 | train_loss=0.019218 | val_loss=0.093043 | best_val_loss=0.093043 | best_epoch=15 | patience=0/5
[TAS 1986 | Double Head] epoch 16/50 | train_loss=0.014533 | val_loss=0.099837 | best_val_loss=0.093043 | best_epoch=15 | patience=1/5
[TAS 1986 | Double Head] epoch 17/50 | train_loss=0.016252 | val_loss=0.103065 | best_val_loss=0.093043 | best_epoch=15 | patience=2/5
[TAS 1986 | Double Head] epoch 18/50 | train_loss=0.014329 | val_loss=0.106539 | best_val_loss=0.093043 | best_epoch=15 | patience=3/5
[TAS 1986 | Double Head] epoch 19/50 | train_loss=0.011304 | val_loss=0.106502 | best_val_loss=0.093043 | best_epoch=15 | patience=4/5
[TAS 1986 | Double Head] epoch 20/50 | train_loss=0.008580 | val_loss=0.104849 | best_val_loss=0.093043 | best_epoch=15 | patience=5/5
[TAS 1986 | Double Head] EARLY STOP at epoch 20 | best_epoch=15 | best_val_loss=0.093043
[TAS 1986 | Double Head] TRAINING FINISHED | executed_epochs=20 | best_epoch=15 | best_val_loss=0.093043 | stopped_early=True

================================================================================
Supervised TAS reference | year 1987
================================================================================

TAS supervised Single Head | fine-tuning year 1987 | train_n=407 | val_n=59
[TAS 1987 | Single Head] epoch 1/50 | train_loss=0.119944 | val_loss=0.032703 | best_val_loss=0.032703 | best_epoch=1 | patience=0/5
[TAS 1987 | Single Head] epoch 2/50 | train_loss=0.079642 | val_loss=0.045130 | best_val_loss=0.032703 | best_epoch=1 | patience=1/5
[TAS 1987 | Single Head] epoch 3/50 | train_loss=0.047910 | val_loss=0.044920 | best_val_loss=0.032703 | best_epoch=1 | patience=2/5
[TAS 1987 | Single Head] epoch 4/50 | train_loss=0.057993 | val_loss=0.043252 | best_val_loss=0.032703 | best_epoch=1 | patience=3/5
[TAS 1987 | Single Head] epoch 5/50 | train_loss=0.024172 | val_loss=0.044037 | best_val_loss=0.032703 | best_epoch=1 | patience=4/5
[TAS 1987 | Single Head] epoch 6/50 | train_loss=0.026150 | val_loss=0.051334 | best_val_loss=0.032703 | best_epoch=1 | patience=5/5
[TAS 1987 | Single Head] EARLY STOP at epoch 6 | best_epoch=1 | best_val_loss=0.032703
[TAS 1987 | Single Head] TRAINING FINISHED | executed_epochs=6 | best_epoch=1 | best_val_loss=0.032703 | stopped_early=True

TAS supervised Double Head | fine-tuning year 1987 | train_n=407 | val_n=59
[TAS 1987 | Double Head] epoch 1/50 | train_loss=0.477091 | val_loss=0.310704 | best_val_loss=0.310704 | best_epoch=1 | patience=0/5
[TAS 1987 | Double Head] epoch 2/50 | train_loss=0.186691 | val_loss=0.145884 | best_val_loss=0.145884 | best_epoch=2 | patience=0/5
[TAS 1987 | Double Head] epoch 3/50 | train_loss=0.081549 | val_loss=0.107685 | best_val_loss=0.107685 | best_epoch=3 | patience=0/5
[TAS 1987 | Double Head] epoch 4/50 | train_loss=0.073986 | val_loss=0.116090 | best_val_loss=0.107685 | best_epoch=3 | patience=1/5
[TAS 1987 | Double Head] epoch 5/50 | train_loss=0.044398 | val_loss=0.109524 | best_val_loss=0.107685 | best_epoch=3 | patience=2/5
[TAS 1987 | Double Head] epoch 6/50 | train_loss=0.031539 | val_loss=0.101447 | best_val_loss=0.101447 | best_epoch=6 | patience=0/5
[TAS 1987 | Double Head] epoch 7/50 | train_loss=0.027202 | val_loss=0.097650 | best_val_loss=0.097650 | best_epoch=7 | patience=0/5
[TAS 1987 | Double Head] epoch 8/50 | train_loss=0.025394 | val_loss=0.101655 | best_val_loss=0.097650 | best_epoch=7 | patience=1/5
[TAS 1987 | Double Head] epoch 9/50 | train_loss=0.023021 | val_loss=0.094750 | best_val_loss=0.094750 | best_epoch=9 | patience=0/5
[TAS 1987 | Double Head] epoch 10/50 | train_loss=0.015394 | val_loss=0.097863 | best_val_loss=0.094750 | best_epoch=9 | patience=1/5
[TAS 1987 | Double Head] epoch 11/50 | train_loss=0.019900 | val_loss=0.106169 | best_val_loss=0.094750 | best_epoch=9 | patience=2/5
[TAS 1987 | Double Head] epoch 12/50 | train_loss=0.013186 | val_loss=0.094007 | best_val_loss=0.094007 | best_epoch=12 | patience=0/5
[TAS 1987 | Double Head] epoch 13/50 | train_loss=0.011500 | val_loss=0.089303 | best_val_loss=0.089303 | best_epoch=13 | patience=0/5
[TAS 1987 | Double Head] epoch 14/50 | train_loss=0.014766 | val_loss=0.092457 | best_val_loss=0.089303 | best_epoch=13 | patience=1/5
[TAS 1987 | Double Head] epoch 15/50 | train_loss=0.013580 | val_loss=0.095721 | best_val_loss=0.089303 | best_epoch=13 | patience=2/5
[TAS 1987 | Double Head] epoch 16/50 | train_loss=0.015016 | val_loss=0.094404 | best_val_loss=0.089303 | best_epoch=13 | patience=3/5
[TAS 1987 | Double Head] epoch 17/50 | train_loss=0.022613 | val_loss=0.097417 | best_val_loss=0.089303 | best_epoch=13 | patience=4/5
[TAS 1987 | Double Head] epoch 18/50 | train_loss=0.011129 | val_loss=0.101268 | best_val_loss=0.089303 | best_epoch=13 | patience=5/5
[TAS 1987 | Double Head] EARLY STOP at epoch 18 | best_epoch=13 | best_val_loss=0.089303
[TAS 1987 | Double Head] TRAINING FINISHED | executed_epochs=18 | best_epoch=13 | best_val_loss=0.089303 | stopped_early=True

================================================================================
Supervised TAS reference | year 1988
================================================================================

TAS supervised Single Head | fine-tuning year 1988 | train_n=252 | val_n=36
[TAS 1988 | Single Head] epoch 1/50 | train_loss=0.147747 | val_loss=0.121750 | best_val_loss=0.121750 | best_epoch=1 | patience=0/5
[TAS 1988 | Single Head] epoch 2/50 | train_loss=0.067929 | val_loss=0.076680 | best_val_loss=0.076680 | best_epoch=2 | patience=0/5
[TAS 1988 | Single Head] epoch 3/50 | train_loss=0.048076 | val_loss=0.083495 | best_val_loss=0.076680 | best_epoch=2 | patience=1/5
[TAS 1988 | Single Head] epoch 4/50 | train_loss=0.040804 | val_loss=0.073316 | best_val_loss=0.073316 | best_epoch=4 | patience=0/5
[TAS 1988 | Single Head] epoch 5/50 | train_loss=0.017889 | val_loss=0.071216 | best_val_loss=0.071216 | best_epoch=5 | patience=0/5
[TAS 1988 | Single Head] epoch 6/50 | train_loss=0.037093 | val_loss=0.085175 | best_val_loss=0.071216 | best_epoch=5 | patience=1/5
[TAS 1988 | Single Head] epoch 7/50 | train_loss=0.016298 | val_loss=0.088432 | best_val_loss=0.071216 | best_epoch=5 | patience=2/5
[TAS 1988 | Single Head] epoch 8/50 | train_loss=0.015945 | val_loss=0.085292 | best_val_loss=0.071216 | best_epoch=5 | patience=3/5
[TAS 1988 | Single Head] epoch 9/50 | train_loss=0.016022 | val_loss=0.087268 | best_val_loss=0.071216 | best_epoch=5 | patience=4/5
[TAS 1988 | Single Head] epoch 10/50 | train_loss=0.017579 | val_loss=0.083186 | best_val_loss=0.071216 | best_epoch=5 | patience=5/5
[TAS 1988 | Single Head] EARLY STOP at epoch 10 | best_epoch=5 | best_val_loss=0.071216
[TAS 1988 | Single Head] TRAINING FINISHED | executed_epochs=10 | best_epoch=5 | best_val_loss=0.071216 | stopped_early=True

TAS supervised Double Head | fine-tuning year 1988 | train_n=252 | val_n=36
[TAS 1988 | Double Head] epoch 1/50 | train_loss=0.675542 | val_loss=0.427830 | best_val_loss=0.427830 | best_epoch=1 | patience=0/5
[TAS 1988 | Double Head] epoch 2/50 | train_loss=0.193459 | val_loss=0.244490 | best_val_loss=0.244490 | best_epoch=2 | patience=0/5
[TAS 1988 | Double Head] epoch 3/50 | train_loss=0.081524 | val_loss=0.126688 | best_val_loss=0.126688 | best_epoch=3 | patience=0/5
[TAS 1988 | Double Head] epoch 4/50 | train_loss=0.043174 | val_loss=0.147075 | best_val_loss=0.126688 | best_epoch=3 | patience=1/5
[TAS 1988 | Double Head] epoch 5/50 | train_loss=0.038412 | val_loss=0.182179 | best_val_loss=0.126688 | best_epoch=3 | patience=2/5
[TAS 1988 | Double Head] epoch 6/50 | train_loss=0.049770 | val_loss=0.179246 | best_val_loss=0.126688 | best_epoch=3 | patience=3/5
[TAS 1988 | Double Head] epoch 7/50 | train_loss=0.038886 | val_loss=0.143456 | best_val_loss=0.126688 | best_epoch=3 | patience=4/5
[TAS 1988 | Double Head] epoch 8/50 | train_loss=0.037038 | val_loss=0.139266 | best_val_loss=0.126688 | best_epoch=3 | patience=5/5
[TAS 1988 | Double Head] EARLY STOP at epoch 8 | best_epoch=3 | best_val_loss=0.126688
[TAS 1988 | Double Head] TRAINING FINISHED | executed_epochs=8 | best_epoch=3 | best_val_loss=0.126688 | stopped_early=True

================================================================================
Supervised TAS reference | year 1989
================================================================================

TAS supervised Single Head | fine-tuning year 1989 | train_n=543 | val_n=78
[TAS 1989 | Single Head] epoch 1/50 | train_loss=0.172759 | val_loss=0.122355 | best_val_loss=0.122355 | best_epoch=1 | patience=0/5
[TAS 1989 | Single Head] epoch 2/50 | train_loss=0.106936 | val_loss=0.117007 | best_val_loss=0.117007 | best_epoch=2 | patience=0/5
[TAS 1989 | Single Head] epoch 3/50 | train_loss=0.067723 | val_loss=0.135683 | best_val_loss=0.117007 | best_epoch=2 | patience=1/5
[TAS 1989 | Single Head] epoch 4/50 | train_loss=0.062504 | val_loss=0.123499 | best_val_loss=0.117007 | best_epoch=2 | patience=2/5
[TAS 1989 | Single Head] epoch 5/50 | train_loss=0.036518 | val_loss=0.127666 | best_val_loss=0.117007 | best_epoch=2 | patience=3/5
[TAS 1989 | Single Head] epoch 6/50 | train_loss=0.044229 | val_loss=0.144741 | best_val_loss=0.117007 | best_epoch=2 | patience=4/5
[TAS 1989 | Single Head] epoch 7/50 | train_loss=0.036965 | val_loss=0.123990 | best_val_loss=0.117007 | best_epoch=2 | patience=5/5
[TAS 1989 | Single Head] EARLY STOP at epoch 7 | best_epoch=2 | best_val_loss=0.117007
[TAS 1989 | Single Head] TRAINING FINISHED | executed_epochs=7 | best_epoch=2 | best_val_loss=0.117007 | stopped_early=True

TAS supervised Double Head | fine-tuning year 1989 | train_n=543 | val_n=78
[TAS 1989 | Double Head] epoch 1/50 | train_loss=0.272864 | val_loss=0.195200 | best_val_loss=0.195200 | best_epoch=1 | patience=0/5
[TAS 1989 | Double Head] epoch 2/50 | train_loss=0.108372 | val_loss=0.182005 | best_val_loss=0.182005 | best_epoch=2 | patience=0/5
[TAS 1989 | Double Head] epoch 3/50 | train_loss=0.077044 | val_loss=0.164405 | best_val_loss=0.164405 | best_epoch=3 | patience=0/5
[TAS 1989 | Double Head] epoch 4/50 | train_loss=0.072594 | val_loss=0.159675 | best_val_loss=0.159675 | best_epoch=4 | patience=0/5
[TAS 1989 | Double Head] epoch 5/50 | train_loss=0.062067 | val_loss=0.166690 | best_val_loss=0.159675 | best_epoch=4 | patience=1/5
[TAS 1989 | Double Head] epoch 6/50 | train_loss=0.044876 | val_loss=0.145754 | best_val_loss=0.145754 | best_epoch=6 | patience=0/5
[TAS 1989 | Double Head] epoch 7/50 | train_loss=0.037290 | val_loss=0.154293 | best_val_loss=0.145754 | best_epoch=6 | patience=1/5
[TAS 1989 | Double Head] epoch 8/50 | train_loss=0.041947 | val_loss=0.165553 | best_val_loss=0.145754 | best_epoch=6 | patience=2/5
[TAS 1989 | Double Head] epoch 9/50 | train_loss=0.030886 | val_loss=0.153617 | best_val_loss=0.145754 | best_epoch=6 | patience=3/5
[TAS 1989 | Double Head] epoch 10/50 | train_loss=0.033622 | val_loss=0.154222 | best_val_loss=0.145754 | best_epoch=6 | patience=4/5
[TAS 1989 | Double Head] epoch 11/50 | train_loss=0.021212 | val_loss=0.172745 | best_val_loss=0.145754 | best_epoch=6 | patience=5/5
[TAS 1989 | Double Head] EARLY STOP at epoch 11 | best_epoch=6 | best_val_loss=0.145754
[TAS 1989 | Double Head] TRAINING FINISHED | executed_epochs=11 | best_epoch=6 | best_val_loss=0.145754 | stopped_early=True

================================================================================
Supervised TAS reference | year 1990
================================================================================

TAS supervised Single Head | fine-tuning year 1990 | train_n=560 | val_n=80
[TAS 1990 | Single Head] epoch 1/50 | train_loss=0.159439 | val_loss=0.184622 | best_val_loss=0.184622 | best_epoch=1 | patience=0/5
[TAS 1990 | Single Head] epoch 2/50 | train_loss=0.090522 | val_loss=0.185308 | best_val_loss=0.184622 | best_epoch=1 | patience=1/5
[TAS 1990 | Single Head] epoch 3/50 | train_loss=0.072800 | val_loss=0.143131 | best_val_loss=0.143131 | best_epoch=3 | patience=0/5
[TAS 1990 | Single Head] epoch 4/50 | train_loss=0.078752 | val_loss=0.150433 | best_val_loss=0.143131 | best_epoch=3 | patience=1/5
[TAS 1990 | Single Head] epoch 5/50 | train_loss=0.031523 | val_loss=0.109267 | best_val_loss=0.109267 | best_epoch=5 | patience=0/5
[TAS 1990 | Single Head] epoch 6/50 | train_loss=0.027415 | val_loss=0.122721 | best_val_loss=0.109267 | best_epoch=5 | patience=1/5
[TAS 1990 | Single Head] epoch 7/50 | train_loss=0.022627 | val_loss=0.113718 | best_val_loss=0.109267 | best_epoch=5 | patience=2/5
[TAS 1990 | Single Head] epoch 8/50 | train_loss=0.017933 | val_loss=0.113173 | best_val_loss=0.109267 | best_epoch=5 | patience=3/5
[TAS 1990 | Single Head] epoch 9/50 | train_loss=0.012875 | val_loss=0.107296 | best_val_loss=0.107296 | best_epoch=9 | patience=0/5
[TAS 1990 | Single Head] epoch 10/50 | train_loss=0.043144 | val_loss=0.107723 | best_val_loss=0.107296 | best_epoch=9 | patience=1/5
[TAS 1990 | Single Head] epoch 11/50 | train_loss=0.016168 | val_loss=0.096252 | best_val_loss=0.096252 | best_epoch=11 | patience=0/5
[TAS 1990 | Single Head] epoch 12/50 | train_loss=0.011719 | val_loss=0.107033 | best_val_loss=0.096252 | best_epoch=11 | patience=1/5
[TAS 1990 | Single Head] epoch 13/50 | train_loss=0.012365 | val_loss=0.105563 | best_val_loss=0.096252 | best_epoch=11 | patience=2/5
[TAS 1990 | Single Head] epoch 14/50 | train_loss=0.009958 | val_loss=0.102833 | best_val_loss=0.096252 | best_epoch=11 | patience=3/5
[TAS 1990 | Single Head] epoch 15/50 | train_loss=0.009585 | val_loss=0.108202 | best_val_loss=0.096252 | best_epoch=11 | patience=4/5
[TAS 1990 | Single Head] epoch 16/50 | train_loss=0.010628 | val_loss=0.105885 | best_val_loss=0.096252 | best_epoch=11 | patience=5/5
[TAS 1990 | Single Head] EARLY STOP at epoch 16 | best_epoch=11 | best_val_loss=0.096252
[TAS 1990 | Single Head] TRAINING FINISHED | executed_epochs=16 | best_epoch=11 | best_val_loss=0.096252 | stopped_early=True

TAS supervised Double Head | fine-tuning year 1990 | train_n=560 | val_n=80
[TAS 1990 | Double Head] epoch 1/50 | train_loss=0.350644 | val_loss=0.207439 | best_val_loss=0.207439 | best_epoch=1 | patience=0/5
[TAS 1990 | Double Head] epoch 2/50 | train_loss=0.159353 | val_loss=0.180519 | best_val_loss=0.180519 | best_epoch=2 | patience=0/5
[TAS 1990 | Double Head] epoch 3/50 | train_loss=0.102079 | val_loss=0.178960 | best_val_loss=0.178960 | best_epoch=3 | patience=0/5
[TAS 1990 | Double Head] epoch 4/50 | train_loss=0.085266 | val_loss=0.183428 | best_val_loss=0.178960 | best_epoch=3 | patience=1/5
[TAS 1990 | Double Head] epoch 5/50 | train_loss=0.048286 | val_loss=0.155079 | best_val_loss=0.155079 | best_epoch=5 | patience=0/5
[TAS 1990 | Double Head] epoch 6/50 | train_loss=0.058407 | val_loss=0.167587 | best_val_loss=0.155079 | best_epoch=5 | patience=1/5
[TAS 1990 | Double Head] epoch 7/50 | train_loss=0.048477 | val_loss=0.166407 | best_val_loss=0.155079 | best_epoch=5 | patience=2/5
[TAS 1990 | Double Head] epoch 8/50 | train_loss=0.050840 | val_loss=0.156665 | best_val_loss=0.155079 | best_epoch=5 | patience=3/5
[TAS 1990 | Double Head] epoch 9/50 | train_loss=0.035200 | val_loss=0.163170 | best_val_loss=0.155079 | best_epoch=5 | patience=4/5
[TAS 1990 | Double Head] epoch 10/50 | train_loss=0.042013 | val_loss=0.145605 | best_val_loss=0.145605 | best_epoch=10 | patience=0/5
[TAS 1990 | Double Head] epoch 11/50 | train_loss=0.024408 | val_loss=0.125585 | best_val_loss=0.125585 | best_epoch=11 | patience=0/5
[TAS 1990 | Double Head] epoch 12/50 | train_loss=0.023042 | val_loss=0.126178 | best_val_loss=0.125585 | best_epoch=11 | patience=1/5
[TAS 1990 | Double Head] epoch 13/50 | train_loss=0.019663 | val_loss=0.121933 | best_val_loss=0.121933 | best_epoch=13 | patience=0/5
[TAS 1990 | Double Head] epoch 14/50 | train_loss=0.017831 | val_loss=0.132633 | best_val_loss=0.121933 | best_epoch=13 | patience=1/5
[TAS 1990 | Double Head] epoch 15/50 | train_loss=0.021261 | val_loss=0.131742 | best_val_loss=0.121933 | best_epoch=13 | patience=2/5
[TAS 1990 | Double Head] epoch 16/50 | train_loss=0.011787 | val_loss=0.134438 | best_val_loss=0.121933 | best_epoch=13 | patience=3/5
[TAS 1990 | Double Head] epoch 17/50 | train_loss=0.015625 | val_loss=0.124994 | best_val_loss=0.121933 | best_epoch=13 | patience=4/5
[TAS 1990 | Double Head] epoch 18/50 | train_loss=0.028523 | val_loss=0.155633 | best_val_loss=0.121933 | best_epoch=13 | patience=5/5
[TAS 1990 | Double Head] EARLY STOP at epoch 18 | best_epoch=13 | best_val_loss=0.121933
[TAS 1990 | Double Head] TRAINING FINISHED | executed_epochs=18 | best_epoch=13 | best_val_loss=0.121933 | stopped_early=True

================================================================================
Supervised TAS reference | year 1991
================================================================================

TAS supervised Single Head | fine-tuning year 1991 | train_n=299 | val_n=43
[TAS 1991 | Single Head] epoch 1/50 | train_loss=0.066709 | val_loss=0.009176 | best_val_loss=0.009176 | best_epoch=1 | patience=0/5
[TAS 1991 | Single Head] epoch 2/50 | train_loss=0.044384 | val_loss=0.008347 | best_val_loss=0.008347 | best_epoch=2 | patience=0/5
[TAS 1991 | Single Head] epoch 3/50 | train_loss=0.022503 | val_loss=0.010531 | best_val_loss=0.008347 | best_epoch=2 | patience=1/5
[TAS 1991 | Single Head] epoch 4/50 | train_loss=0.024713 | val_loss=0.011221 | best_val_loss=0.008347 | best_epoch=2 | patience=2/5
[TAS 1991 | Single Head] epoch 5/50 | train_loss=0.013856 | val_loss=0.011977 | best_val_loss=0.008347 | best_epoch=2 | patience=3/5
[TAS 1991 | Single Head] epoch 6/50 | train_loss=0.018868 | val_loss=0.020069 | best_val_loss=0.008347 | best_epoch=2 | patience=4/5
[TAS 1991 | Single Head] epoch 7/50 | train_loss=0.015091 | val_loss=0.012502 | best_val_loss=0.008347 | best_epoch=2 | patience=5/5
[TAS 1991 | Single Head] EARLY STOP at epoch 7 | best_epoch=2 | best_val_loss=0.008347
[TAS 1991 | Single Head] TRAINING FINISHED | executed_epochs=7 | best_epoch=2 | best_val_loss=0.008347 | stopped_early=True

TAS supervised Double Head | fine-tuning year 1991 | train_n=299 | val_n=43
[TAS 1991 | Double Head] epoch 1/50 | train_loss=0.264451 | val_loss=0.073313 | best_val_loss=0.073313 | best_epoch=1 | patience=0/5
[TAS 1991 | Double Head] epoch 2/50 | train_loss=0.099308 | val_loss=0.078529 | best_val_loss=0.073313 | best_epoch=1 | patience=1/5
[TAS 1991 | Double Head] epoch 3/50 | train_loss=0.042421 | val_loss=0.059381 | best_val_loss=0.059381 | best_epoch=3 | patience=0/5
[TAS 1991 | Double Head] epoch 4/50 | train_loss=0.043725 | val_loss=0.047998 | best_val_loss=0.047998 | best_epoch=4 | patience=0/5
[TAS 1991 | Double Head] epoch 5/50 | train_loss=0.049275 | val_loss=0.043431 | best_val_loss=0.043431 | best_epoch=5 | patience=0/5
[TAS 1991 | Double Head] epoch 6/50 | train_loss=0.023990 | val_loss=0.062597 | best_val_loss=0.043431 | best_epoch=5 | patience=1/5
[TAS 1991 | Double Head] epoch 7/50 | train_loss=0.028708 | val_loss=0.053945 | best_val_loss=0.043431 | best_epoch=5 | patience=2/5
[TAS 1991 | Double Head] epoch 8/50 | train_loss=0.024905 | val_loss=0.047881 | best_val_loss=0.043431 | best_epoch=5 | patience=3/5
[TAS 1991 | Double Head] epoch 9/50 | train_loss=0.016412 | val_loss=0.046060 | best_val_loss=0.043431 | best_epoch=5 | patience=4/5
[TAS 1991 | Double Head] epoch 10/50 | train_loss=0.020749 | val_loss=0.039494 | best_val_loss=0.039494 | best_epoch=10 | patience=0/5
[TAS 1991 | Double Head] epoch 11/50 | train_loss=0.012104 | val_loss=0.043958 | best_val_loss=0.039494 | best_epoch=10 | patience=1/5
[TAS 1991 | Double Head] epoch 12/50 | train_loss=0.017020 | val_loss=0.044449 | best_val_loss=0.039494 | best_epoch=10 | patience=2/5
[TAS 1991 | Double Head] epoch 13/50 | train_loss=0.024979 | val_loss=0.045961 | best_val_loss=0.039494 | best_epoch=10 | patience=3/5
[TAS 1991 | Double Head] epoch 14/50 | train_loss=0.010891 | val_loss=0.045713 | best_val_loss=0.039494 | best_epoch=10 | patience=4/5
[TAS 1991 | Double Head] epoch 15/50 | train_loss=0.017278 | val_loss=0.039542 | best_val_loss=0.039494 | best_epoch=10 | patience=5/5
[TAS 1991 | Double Head] EARLY STOP at epoch 15 | best_epoch=10 | best_val_loss=0.039494
[TAS 1991 | Double Head] TRAINING FINISHED | executed_epochs=15 | best_epoch=10 | best_val_loss=0.039494 | stopped_early=True

================================================================================
Supervised TAS reference | year 1992
================================================================================

TAS supervised Single Head | fine-tuning year 1992 | train_n=329 | val_n=48
[TAS 1992 | Single Head] epoch 1/50 | train_loss=0.137588 | val_loss=0.085309 | best_val_loss=0.085309 | best_epoch=1 | patience=0/5
[TAS 1992 | Single Head] epoch 2/50 | train_loss=0.078054 | val_loss=0.112621 | best_val_loss=0.085309 | best_epoch=1 | patience=1/5
[TAS 1992 | Single Head] epoch 3/50 | train_loss=0.030173 | val_loss=0.076800 | best_val_loss=0.076800 | best_epoch=3 | patience=0/5
[TAS 1992 | Single Head] epoch 4/50 | train_loss=0.023517 | val_loss=0.072627 | best_val_loss=0.072627 | best_epoch=4 | patience=0/5
[TAS 1992 | Single Head] epoch 5/50 | train_loss=0.024761 | val_loss=0.061062 | best_val_loss=0.061062 | best_epoch=5 | patience=0/5
[TAS 1992 | Single Head] epoch 6/50 | train_loss=0.012710 | val_loss=0.053798 | best_val_loss=0.053798 | best_epoch=6 | patience=0/5
[TAS 1992 | Single Head] epoch 7/50 | train_loss=0.009782 | val_loss=0.044921 | best_val_loss=0.044921 | best_epoch=7 | patience=0/5
[TAS 1992 | Single Head] epoch 8/50 | train_loss=0.016520 | val_loss=0.042004 | best_val_loss=0.042004 | best_epoch=8 | patience=0/5
[TAS 1992 | Single Head] epoch 9/50 | train_loss=0.005868 | val_loss=0.040040 | best_val_loss=0.040040 | best_epoch=9 | patience=0/5
[TAS 1992 | Single Head] epoch 10/50 | train_loss=0.007795 | val_loss=0.043841 | best_val_loss=0.040040 | best_epoch=9 | patience=1/5
[TAS 1992 | Single Head] epoch 11/50 | train_loss=0.004718 | val_loss=0.039618 | best_val_loss=0.039618 | best_epoch=11 | patience=0/5
[TAS 1992 | Single Head] epoch 12/50 | train_loss=0.004527 | val_loss=0.036794 | best_val_loss=0.036794 | best_epoch=12 | patience=0/5
[TAS 1992 | Single Head] epoch 13/50 | train_loss=0.004042 | val_loss=0.031431 | best_val_loss=0.031431 | best_epoch=13 | patience=0/5
[TAS 1992 | Single Head] epoch 14/50 | train_loss=0.005193 | val_loss=0.029302 | best_val_loss=0.029302 | best_epoch=14 | patience=0/5
[TAS 1992 | Single Head] epoch 15/50 | train_loss=0.008359 | val_loss=0.030174 | best_val_loss=0.029302 | best_epoch=14 | patience=1/5
[TAS 1992 | Single Head] epoch 16/50 | train_loss=0.008251 | val_loss=0.031497 | best_val_loss=0.029302 | best_epoch=14 | patience=2/5
[TAS 1992 | Single Head] epoch 17/50 | train_loss=0.004969 | val_loss=0.016896 | best_val_loss=0.016896 | best_epoch=17 | patience=0/5
[TAS 1992 | Single Head] epoch 18/50 | train_loss=0.013780 | val_loss=0.012323 | best_val_loss=0.012323 | best_epoch=18 | patience=0/5
[TAS 1992 | Single Head] epoch 19/50 | train_loss=0.016293 | val_loss=0.010907 | best_val_loss=0.010907 | best_epoch=19 | patience=0/5
[TAS 1992 | Single Head] epoch 20/50 | train_loss=0.022260 | val_loss=0.026660 | best_val_loss=0.010907 | best_epoch=19 | patience=1/5
[TAS 1992 | Single Head] epoch 21/50 | train_loss=0.006061 | val_loss=0.031473 | best_val_loss=0.010907 | best_epoch=19 | patience=2/5
[TAS 1992 | Single Head] epoch 22/50 | train_loss=0.008365 | val_loss=0.018850 | best_val_loss=0.010907 | best_epoch=19 | patience=3/5
[TAS 1992 | Single Head] epoch 23/50 | train_loss=0.007837 | val_loss=0.019920 | best_val_loss=0.010907 | best_epoch=19 | patience=4/5
[TAS 1992 | Single Head] epoch 24/50 | train_loss=0.021508 | val_loss=0.016515 | best_val_loss=0.010907 | best_epoch=19 | patience=5/5
[TAS 1992 | Single Head] EARLY STOP at epoch 24 | best_epoch=19 | best_val_loss=0.010907
[TAS 1992 | Single Head] TRAINING FINISHED | executed_epochs=24 | best_epoch=19 | best_val_loss=0.010907 | stopped_early=True

TAS supervised Double Head | fine-tuning year 1992 | train_n=329 | val_n=48
[TAS 1992 | Double Head] epoch 1/50 | train_loss=0.242099 | val_loss=0.158830 | best_val_loss=0.158830 | best_epoch=1 | patience=0/5
[TAS 1992 | Double Head] epoch 2/50 | train_loss=0.099331 | val_loss=0.218747 | best_val_loss=0.158830 | best_epoch=1 | patience=1/5
[TAS 1992 | Double Head] epoch 3/50 | train_loss=0.074703 | val_loss=0.153300 | best_val_loss=0.153300 | best_epoch=3 | patience=0/5
[TAS 1992 | Double Head] epoch 4/50 | train_loss=0.051818 | val_loss=0.109333 | best_val_loss=0.109333 | best_epoch=4 | patience=0/5
[TAS 1992 | Double Head] epoch 5/50 | train_loss=0.022169 | val_loss=0.128868 | best_val_loss=0.109333 | best_epoch=4 | patience=1/5
[TAS 1992 | Double Head] epoch 6/50 | train_loss=0.025573 | val_loss=0.124315 | best_val_loss=0.109333 | best_epoch=4 | patience=2/5
[TAS 1992 | Double Head] epoch 7/50 | train_loss=0.025949 | val_loss=0.132756 | best_val_loss=0.109333 | best_epoch=4 | patience=3/5
[TAS 1992 | Double Head] epoch 8/50 | train_loss=0.017539 | val_loss=0.110385 | best_val_loss=0.109333 | best_epoch=4 | patience=4/5
[TAS 1992 | Double Head] epoch 9/50 | train_loss=0.023627 | val_loss=0.093626 | best_val_loss=0.093626 | best_epoch=9 | patience=0/5
[TAS 1992 | Double Head] epoch 10/50 | train_loss=0.015774 | val_loss=0.080894 | best_val_loss=0.080894 | best_epoch=10 | patience=0/5
[TAS 1992 | Double Head] epoch 11/50 | train_loss=0.018195 | val_loss=0.102161 | best_val_loss=0.080894 | best_epoch=10 | patience=1/5
[TAS 1992 | Double Head] epoch 12/50 | train_loss=0.020585 | val_loss=0.101052 | best_val_loss=0.080894 | best_epoch=10 | patience=2/5
[TAS 1992 | Double Head] epoch 13/50 | train_loss=0.009201 | val_loss=0.118965 | best_val_loss=0.080894 | best_epoch=10 | patience=3/5
[TAS 1992 | Double Head] epoch 14/50 | train_loss=0.010187 | val_loss=0.146421 | best_val_loss=0.080894 | best_epoch=10 | patience=4/5
[TAS 1992 | Double Head] epoch 15/50 | train_loss=0.006579 | val_loss=0.117517 | best_val_loss=0.080894 | best_epoch=10 | patience=5/5
[TAS 1992 | Double Head] EARLY STOP at epoch 15 | best_epoch=10 | best_val_loss=0.080894
[TAS 1992 | Double Head] TRAINING FINISHED | executed_epochs=15 | best_epoch=10 | best_val_loss=0.080894 | stopped_early=True

================================================================================
Supervised TAS reference | year 1993
================================================================================

TAS supervised Single Head | fine-tuning year 1993 | train_n=155 | val_n=23
[TAS 1993 | Single Head] epoch 1/50 | train_loss=0.197582 | val_loss=0.062298 | best_val_loss=0.062298 | best_epoch=1 | patience=0/5
[TAS 1993 | Single Head] epoch 2/50 | train_loss=0.087049 | val_loss=0.470579 | best_val_loss=0.062298 | best_epoch=1 | patience=1/5
[TAS 1993 | Single Head] epoch 3/50 | train_loss=0.081578 | val_loss=0.661136 | best_val_loss=0.062298 | best_epoch=1 | patience=2/5
[TAS 1993 | Single Head] epoch 4/50 | train_loss=0.025953 | val_loss=0.555251 | best_val_loss=0.062298 | best_epoch=1 | patience=3/5
[TAS 1993 | Single Head] epoch 5/50 | train_loss=0.029475 | val_loss=0.413423 | best_val_loss=0.062298 | best_epoch=1 | patience=4/5
[TAS 1993 | Single Head] epoch 6/50 | train_loss=0.018539 | val_loss=0.346388 | best_val_loss=0.062298 | best_epoch=1 | patience=5/5
[TAS 1993 | Single Head] EARLY STOP at epoch 6 | best_epoch=1 | best_val_loss=0.062298
[TAS 1993 | Single Head] TRAINING FINISHED | executed_epochs=6 | best_epoch=1 | best_val_loss=0.062298 | stopped_early=True

TAS supervised Double Head | fine-tuning year 1993 | train_n=155 | val_n=23
[TAS 1993 | Double Head] epoch 1/50 | train_loss=0.468845 | val_loss=0.419583 | best_val_loss=0.419583 | best_epoch=1 | patience=0/5
[TAS 1993 | Double Head] epoch 2/50 | train_loss=0.289908 | val_loss=1.373602 | best_val_loss=0.419583 | best_epoch=1 | patience=1/5
[TAS 1993 | Double Head] epoch 3/50 | train_loss=0.118520 | val_loss=1.875901 | best_val_loss=0.419583 | best_epoch=1 | patience=2/5
[TAS 1993 | Double Head] epoch 4/50 | train_loss=0.067371 | val_loss=1.123517 | best_val_loss=0.419583 | best_epoch=1 | patience=3/5
[TAS 1993 | Double Head] epoch 5/50 | train_loss=0.045806 | val_loss=0.471841 | best_val_loss=0.419583 | best_epoch=1 | patience=4/5
[TAS 1993 | Double Head] epoch 6/50 | train_loss=0.059820 | val_loss=0.290262 | best_val_loss=0.290262 | best_epoch=6 | patience=0/5
[TAS 1993 | Double Head] epoch 7/50 | train_loss=0.029042 | val_loss=0.277712 | best_val_loss=0.277712 | best_epoch=7 | patience=0/5
[TAS 1993 | Double Head] epoch 8/50 | train_loss=0.015762 | val_loss=0.299052 | best_val_loss=0.277712 | best_epoch=7 | patience=1/5
[TAS 1993 | Double Head] epoch 9/50 | train_loss=0.014793 | val_loss=0.322528 | best_val_loss=0.277712 | best_epoch=7 | patience=2/5
[TAS 1993 | Double Head] epoch 10/50 | train_loss=0.013318 | val_loss=0.310924 | best_val_loss=0.277712 | best_epoch=7 | patience=3/5
[TAS 1993 | Double Head] epoch 11/50 | train_loss=0.011660 | val_loss=0.309668 | best_val_loss=0.277712 | best_epoch=7 | patience=4/5
[TAS 1993 | Double Head] epoch 12/50 | train_loss=0.007956 | val_loss=0.290903 | best_val_loss=0.277712 | best_epoch=7 | patience=5/5
[TAS 1993 | Double Head] EARLY STOP at epoch 12 | best_epoch=7 | best_val_loss=0.277712
[TAS 1993 | Double Head] TRAINING FINISHED | executed_epochs=12 | best_epoch=7 | best_val_loss=0.277712 | stopped_early=True

================================================================================
Supervised TAS reference | year 1994
================================================================================

TAS supervised Single Head | fine-tuning year 1994 | train_n=371 | val_n=54
[TAS 1994 | Single Head] epoch 1/50 | train_loss=0.159451 | val_loss=0.042559 | best_val_loss=0.042559 | best_epoch=1 | patience=0/5
[TAS 1994 | Single Head] epoch 2/50 | train_loss=0.056337 | val_loss=0.084466 | best_val_loss=0.042559 | best_epoch=1 | patience=1/5
[TAS 1994 | Single Head] epoch 3/50 | train_loss=0.040530 | val_loss=0.098961 | best_val_loss=0.042559 | best_epoch=1 | patience=2/5
[TAS 1994 | Single Head] epoch 4/50 | train_loss=0.025169 | val_loss=0.024446 | best_val_loss=0.024446 | best_epoch=4 | patience=0/5
[TAS 1994 | Single Head] epoch 5/50 | train_loss=0.013163 | val_loss=0.020294 | best_val_loss=0.020294 | best_epoch=5 | patience=0/5
[TAS 1994 | Single Head] epoch 6/50 | train_loss=0.009973 | val_loss=0.026450 | best_val_loss=0.020294 | best_epoch=5 | patience=1/5
[TAS 1994 | Single Head] epoch 7/50 | train_loss=0.014343 | val_loss=0.024521 | best_val_loss=0.020294 | best_epoch=5 | patience=2/5
[TAS 1994 | Single Head] epoch 8/50 | train_loss=0.016176 | val_loss=0.058439 | best_val_loss=0.020294 | best_epoch=5 | patience=3/5
[TAS 1994 | Single Head] epoch 9/50 | train_loss=0.017959 | val_loss=0.054463 | best_val_loss=0.020294 | best_epoch=5 | patience=4/5
[TAS 1994 | Single Head] epoch 10/50 | train_loss=0.011279 | val_loss=0.047211 | best_val_loss=0.020294 | best_epoch=5 | patience=5/5
[TAS 1994 | Single Head] EARLY STOP at epoch 10 | best_epoch=5 | best_val_loss=0.020294
[TAS 1994 | Single Head] TRAINING FINISHED | executed_epochs=10 | best_epoch=5 | best_val_loss=0.020294 | stopped_early=True

TAS supervised Double Head | fine-tuning year 1994 | train_n=371 | val_n=54
[TAS 1994 | Double Head] epoch 1/50 | train_loss=0.479580 | val_loss=0.261965 | best_val_loss=0.261965 | best_epoch=1 | patience=0/5
[TAS 1994 | Double Head] epoch 2/50 | train_loss=0.129242 | val_loss=0.362928 | best_val_loss=0.261965 | best_epoch=1 | patience=1/5
[TAS 1994 | Double Head] epoch 3/50 | train_loss=0.059059 | val_loss=0.237211 | best_val_loss=0.237211 | best_epoch=3 | patience=0/5
[TAS 1994 | Double Head] epoch 4/50 | train_loss=0.035055 | val_loss=0.150055 | best_val_loss=0.150055 | best_epoch=4 | patience=0/5
[TAS 1994 | Double Head] epoch 5/50 | train_loss=0.023434 | val_loss=0.143543 | best_val_loss=0.143543 | best_epoch=5 | patience=0/5
[TAS 1994 | Double Head] epoch 6/50 | train_loss=0.032730 | val_loss=0.139358 | best_val_loss=0.139358 | best_epoch=6 | patience=0/5
[TAS 1994 | Double Head] epoch 7/50 | train_loss=0.024261 | val_loss=0.108168 | best_val_loss=0.108168 | best_epoch=7 | patience=0/5
[TAS 1994 | Double Head] epoch 8/50 | train_loss=0.018330 | val_loss=0.106598 | best_val_loss=0.106598 | best_epoch=8 | patience=0/5
[TAS 1994 | Double Head] epoch 9/50 | train_loss=0.012040 | val_loss=0.110966 | best_val_loss=0.106598 | best_epoch=8 | patience=1/5
[TAS 1994 | Double Head] epoch 10/50 | train_loss=0.010995 | val_loss=0.112209 | best_val_loss=0.106598 | best_epoch=8 | patience=2/5
[TAS 1994 | Double Head] epoch 11/50 | train_loss=0.017357 | val_loss=0.121531 | best_val_loss=0.106598 | best_epoch=8 | patience=3/5
[TAS 1994 | Double Head] epoch 12/50 | train_loss=0.013570 | val_loss=0.114063 | best_val_loss=0.106598 | best_epoch=8 | patience=4/5
[TAS 1994 | Double Head] epoch 13/50 | train_loss=0.009513 | val_loss=0.109673 | best_val_loss=0.106598 | best_epoch=8 | patience=5/5
[TAS 1994 | Double Head] EARLY STOP at epoch 13 | best_epoch=8 | best_val_loss=0.106598
[TAS 1994 | Double Head] TRAINING FINISHED | executed_epochs=13 | best_epoch=8 | best_val_loss=0.106598 | stopped_early=True

================================================================================
Supervised TAS reference | year 1995
================================================================================

TAS supervised Single Head | fine-tuning year 1995 | train_n=445 | val_n=64
[TAS 1995 | Single Head] epoch 1/50 | train_loss=0.061826 | val_loss=0.066807 | best_val_loss=0.066807 | best_epoch=1 | patience=0/5
[TAS 1995 | Single Head] epoch 2/50 | train_loss=0.027350 | val_loss=0.112475 | best_val_loss=0.066807 | best_epoch=1 | patience=1/5
[TAS 1995 | Single Head] epoch 3/50 | train_loss=0.013063 | val_loss=0.124215 | best_val_loss=0.066807 | best_epoch=1 | patience=2/5
[TAS 1995 | Single Head] epoch 4/50 | train_loss=0.015397 | val_loss=0.112138 | best_val_loss=0.066807 | best_epoch=1 | patience=3/5
[TAS 1995 | Single Head] epoch 5/50 | train_loss=0.009182 | val_loss=0.138108 | best_val_loss=0.066807 | best_epoch=1 | patience=4/5
[TAS 1995 | Single Head] epoch 6/50 | train_loss=0.015246 | val_loss=0.119245 | best_val_loss=0.066807 | best_epoch=1 | patience=5/5
[TAS 1995 | Single Head] EARLY STOP at epoch 6 | best_epoch=1 | best_val_loss=0.066807
[TAS 1995 | Single Head] TRAINING FINISHED | executed_epochs=6 | best_epoch=1 | best_val_loss=0.066807 | stopped_early=True

TAS supervised Double Head | fine-tuning year 1995 | train_n=445 | val_n=64
[TAS 1995 | Double Head] epoch 1/50 | train_loss=0.537680 | val_loss=0.669999 | best_val_loss=0.669999 | best_epoch=1 | patience=0/5
[TAS 1995 | Double Head] epoch 2/50 | train_loss=0.129053 | val_loss=0.354470 | best_val_loss=0.354470 | best_epoch=2 | patience=0/5
[TAS 1995 | Double Head] epoch 3/50 | train_loss=0.057034 | val_loss=0.263393 | best_val_loss=0.263393 | best_epoch=3 | patience=0/5
[TAS 1995 | Double Head] epoch 4/50 | train_loss=0.034251 | val_loss=0.255984 | best_val_loss=0.255984 | best_epoch=4 | patience=0/5
[TAS 1995 | Double Head] epoch 5/50 | train_loss=0.037699 | val_loss=0.241206 | best_val_loss=0.241206 | best_epoch=5 | patience=0/5
[TAS 1995 | Double Head] epoch 6/50 | train_loss=0.033629 | val_loss=0.227366 | best_val_loss=0.227366 | best_epoch=6 | patience=0/5
[TAS 1995 | Double Head] epoch 7/50 | train_loss=0.015934 | val_loss=0.239787 | best_val_loss=0.227366 | best_epoch=6 | patience=1/5
[TAS 1995 | Double Head] epoch 8/50 | train_loss=0.012579 | val_loss=0.234729 | best_val_loss=0.227366 | best_epoch=6 | patience=2/5
[TAS 1995 | Double Head] epoch 9/50 | train_loss=0.017299 | val_loss=0.221696 | best_val_loss=0.221696 | best_epoch=9 | patience=0/5
[TAS 1995 | Double Head] epoch 10/50 | train_loss=0.028817 | val_loss=0.230075 | best_val_loss=0.221696 | best_epoch=9 | patience=1/5
[TAS 1995 | Double Head] epoch 11/50 | train_loss=0.015117 | val_loss=0.264033 | best_val_loss=0.221696 | best_epoch=9 | patience=2/5
[TAS 1995 | Double Head] epoch 12/50 | train_loss=0.019087 | val_loss=0.243487 | best_val_loss=0.221696 | best_epoch=9 | patience=3/5
[TAS 1995 | Double Head] epoch 13/50 | train_loss=0.009189 | val_loss=0.229791 | best_val_loss=0.221696 | best_epoch=9 | patience=4/5
[TAS 1995 | Double Head] epoch 14/50 | train_loss=0.008595 | val_loss=0.236827 | best_val_loss=0.221696 | best_epoch=9 | patience=5/5
[TAS 1995 | Double Head] EARLY STOP at epoch 14 | best_epoch=9 | best_val_loss=0.221696
[TAS 1995 | Double Head] TRAINING FINISHED | executed_epochs=14 | best_epoch=9 | best_val_loss=0.221696 | stopped_early=True

================================================================================
Supervised TAS reference | year 1996
================================================================================

TAS supervised Single Head | fine-tuning year 1996 | train_n=291 | val_n=42
[TAS 1996 | Single Head] epoch 1/50 | train_loss=0.130942 | val_loss=0.008207 | best_val_loss=0.008207 | best_epoch=1 | patience=0/5
[TAS 1996 | Single Head] epoch 2/50 | train_loss=0.066382 | val_loss=0.021838 | best_val_loss=0.008207 | best_epoch=1 | patience=1/5
[TAS 1996 | Single Head] epoch 3/50 | train_loss=0.047369 | val_loss=0.025973 | best_val_loss=0.008207 | best_epoch=1 | patience=2/5
[TAS 1996 | Single Head] epoch 4/50 | train_loss=0.037567 | val_loss=0.023341 | best_val_loss=0.008207 | best_epoch=1 | patience=3/5
[TAS 1996 | Single Head] epoch 5/50 | train_loss=0.044048 | val_loss=0.080158 | best_val_loss=0.008207 | best_epoch=1 | patience=4/5
[TAS 1996 | Single Head] epoch 6/50 | train_loss=0.035463 | val_loss=0.147203 | best_val_loss=0.008207 | best_epoch=1 | patience=5/5
[TAS 1996 | Single Head] EARLY STOP at epoch 6 | best_epoch=1 | best_val_loss=0.008207
[TAS 1996 | Single Head] TRAINING FINISHED | executed_epochs=6 | best_epoch=1 | best_val_loss=0.008207 | stopped_early=True

TAS supervised Double Head | fine-tuning year 1996 | train_n=291 | val_n=42
[TAS 1996 | Double Head] epoch 1/50 | train_loss=0.890783 | val_loss=0.256926 | best_val_loss=0.256926 | best_epoch=1 | patience=0/5
[TAS 1996 | Double Head] epoch 2/50 | train_loss=0.129984 | val_loss=0.104337 | best_val_loss=0.104337 | best_epoch=2 | patience=0/5
[TAS 1996 | Double Head] epoch 3/50 | train_loss=0.082123 | val_loss=0.088833 | best_val_loss=0.088833 | best_epoch=3 | patience=0/5
[TAS 1996 | Double Head] epoch 4/50 | train_loss=0.067819 | val_loss=0.213367 | best_val_loss=0.088833 | best_epoch=3 | patience=1/5
[TAS 1996 | Double Head] epoch 5/50 | train_loss=0.071994 | val_loss=0.237710 | best_val_loss=0.088833 | best_epoch=3 | patience=2/5
[TAS 1996 | Double Head] epoch 6/50 | train_loss=0.048080 | val_loss=0.149559 | best_val_loss=0.088833 | best_epoch=3 | patience=3/5
[TAS 1996 | Double Head] epoch 7/50 | train_loss=0.093671 | val_loss=0.270753 | best_val_loss=0.088833 | best_epoch=3 | patience=4/5
[TAS 1996 | Double Head] epoch 8/50 | train_loss=0.036375 | val_loss=0.249630 | best_val_loss=0.088833 | best_epoch=3 | patience=5/5
[TAS 1996 | Double Head] EARLY STOP at epoch 8 | best_epoch=3 | best_val_loss=0.088833
[TAS 1996 | Double Head] TRAINING FINISHED | executed_epochs=8 | best_epoch=3 | best_val_loss=0.088833 | stopped_early=True

================================================================================
Supervised TAS reference | year 1997
================================================================================

TAS supervised Single Head | fine-tuning year 1997 | train_n=354 | val_n=51
[TAS 1997 | Single Head] epoch 1/50 | train_loss=0.094059 | val_loss=0.069129 | best_val_loss=0.069129 | best_epoch=1 | patience=0/5
[TAS 1997 | Single Head] epoch 2/50 | train_loss=0.052186 | val_loss=0.048677 | best_val_loss=0.048677 | best_epoch=2 | patience=0/5
[TAS 1997 | Single Head] epoch 3/50 | train_loss=0.046151 | val_loss=0.064787 | best_val_loss=0.048677 | best_epoch=2 | patience=1/5
[TAS 1997 | Single Head] epoch 4/50 | train_loss=0.049409 | val_loss=0.060425 | best_val_loss=0.048677 | best_epoch=2 | patience=2/5
[TAS 1997 | Single Head] epoch 5/50 | train_loss=0.014266 | val_loss=0.064308 | best_val_loss=0.048677 | best_epoch=2 | patience=3/5
[TAS 1997 | Single Head] epoch 6/50 | train_loss=0.027458 | val_loss=0.066404 | best_val_loss=0.048677 | best_epoch=2 | patience=4/5
[TAS 1997 | Single Head] epoch 7/50 | train_loss=0.040896 | val_loss=0.240878 | best_val_loss=0.048677 | best_epoch=2 | patience=5/5
[TAS 1997 | Single Head] EARLY STOP at epoch 7 | best_epoch=2 | best_val_loss=0.048677
[TAS 1997 | Single Head] TRAINING FINISHED | executed_epochs=7 | best_epoch=2 | best_val_loss=0.048677 | stopped_early=True

TAS supervised Double Head | fine-tuning year 1997 | train_n=354 | val_n=51
[TAS 1997 | Double Head] epoch 1/50 | train_loss=0.364303 | val_loss=0.194842 | best_val_loss=0.194842 | best_epoch=1 | patience=0/5
[TAS 1997 | Double Head] epoch 2/50 | train_loss=0.120404 | val_loss=0.152877 | best_val_loss=0.152877 | best_epoch=2 | patience=0/5
[TAS 1997 | Double Head] epoch 3/50 | train_loss=0.065346 | val_loss=0.117103 | best_val_loss=0.117103 | best_epoch=3 | patience=0/5
[TAS 1997 | Double Head] epoch 4/50 | train_loss=0.069249 | val_loss=0.171740 | best_val_loss=0.117103 | best_epoch=3 | patience=1/5
[TAS 1997 | Double Head] epoch 5/50 | train_loss=0.056167 | val_loss=0.209382 | best_val_loss=0.117103 | best_epoch=3 | patience=2/5
[TAS 1997 | Double Head] epoch 6/50 | train_loss=0.023404 | val_loss=0.086587 | best_val_loss=0.086587 | best_epoch=6 | patience=0/5
[TAS 1997 | Double Head] epoch 7/50 | train_loss=0.029736 | val_loss=0.109841 | best_val_loss=0.086587 | best_epoch=6 | patience=1/5
[TAS 1997 | Double Head] epoch 8/50 | train_loss=0.026356 | val_loss=0.105880 | best_val_loss=0.086587 | best_epoch=6 | patience=2/5
[TAS 1997 | Double Head] epoch 9/50 | train_loss=0.048628 | val_loss=0.149096 | best_val_loss=0.086587 | best_epoch=6 | patience=3/5
[TAS 1997 | Double Head] epoch 10/50 | train_loss=0.017513 | val_loss=0.148315 | best_val_loss=0.086587 | best_epoch=6 | patience=4/5
[TAS 1997 | Double Head] epoch 11/50 | train_loss=0.039157 | val_loss=0.117507 | best_val_loss=0.086587 | best_epoch=6 | patience=5/5
[TAS 1997 | Double Head] EARLY STOP at epoch 11 | best_epoch=6 | best_val_loss=0.086587
[TAS 1997 | Double Head] TRAINING FINISHED | executed_epochs=11 | best_epoch=6 | best_val_loss=0.086587 | stopped_early=True

================================================================================
Supervised TAS reference | year 1998
================================================================================

TAS supervised Single Head | fine-tuning year 1998 | train_n=443 | val_n=64
[TAS 1998 | Single Head] epoch 1/50 | train_loss=0.118684 | val_loss=0.026353 | best_val_loss=0.026353 | best_epoch=1 | patience=0/5
[TAS 1998 | Single Head] epoch 2/50 | train_loss=0.047593 | val_loss=0.014733 | best_val_loss=0.014733 | best_epoch=2 | patience=0/5
[TAS 1998 | Single Head] epoch 3/50 | train_loss=0.020741 | val_loss=0.014436 | best_val_loss=0.014436 | best_epoch=3 | patience=0/5
[TAS 1998 | Single Head] epoch 4/50 | train_loss=0.011140 | val_loss=0.013158 | best_val_loss=0.013158 | best_epoch=4 | patience=0/5
[TAS 1998 | Single Head] epoch 5/50 | train_loss=0.023511 | val_loss=0.013865 | best_val_loss=0.013158 | best_epoch=4 | patience=1/5
[TAS 1998 | Single Head] epoch 6/50 | train_loss=0.013804 | val_loss=0.009812 | best_val_loss=0.009812 | best_epoch=6 | patience=0/5
[TAS 1998 | Single Head] epoch 7/50 | train_loss=0.014425 | val_loss=0.009900 | best_val_loss=0.009812 | best_epoch=6 | patience=1/5
[TAS 1998 | Single Head] epoch 8/50 | train_loss=0.018188 | val_loss=0.010335 | best_val_loss=0.009812 | best_epoch=6 | patience=2/5
[TAS 1998 | Single Head] epoch 9/50 | train_loss=0.009453 | val_loss=0.009204 | best_val_loss=0.009204 | best_epoch=9 | patience=0/5
[TAS 1998 | Single Head] epoch 10/50 | train_loss=0.012402 | val_loss=0.007318 | best_val_loss=0.007318 | best_epoch=10 | patience=0/5
[TAS 1998 | Single Head] epoch 11/50 | train_loss=0.014263 | val_loss=0.007432 | best_val_loss=0.007318 | best_epoch=10 | patience=1/5
[TAS 1998 | Single Head] epoch 12/50 | train_loss=0.004703 | val_loss=0.006662 | best_val_loss=0.006662 | best_epoch=12 | patience=0/5
[TAS 1998 | Single Head] epoch 13/50 | train_loss=0.005598 | val_loss=0.006020 | best_val_loss=0.006020 | best_epoch=13 | patience=0/5
[TAS 1998 | Single Head] epoch 14/50 | train_loss=0.005663 | val_loss=0.006493 | best_val_loss=0.006020 | best_epoch=13 | patience=1/5
[TAS 1998 | Single Head] epoch 15/50 | train_loss=0.003959 | val_loss=0.006378 | best_val_loss=0.006020 | best_epoch=13 | patience=2/5
[TAS 1998 | Single Head] epoch 16/50 | train_loss=0.010205 | val_loss=0.006589 | best_val_loss=0.006020 | best_epoch=13 | patience=3/5
[TAS 1998 | Single Head] epoch 17/50 | train_loss=0.002733 | val_loss=0.007053 | best_val_loss=0.006020 | best_epoch=13 | patience=4/5
[TAS 1998 | Single Head] epoch 18/50 | train_loss=0.006658 | val_loss=0.005685 | best_val_loss=0.005685 | best_epoch=18 | patience=0/5
[TAS 1998 | Single Head] epoch 19/50 | train_loss=0.004386 | val_loss=0.004795 | best_val_loss=0.004795 | best_epoch=19 | patience=0/5
[TAS 1998 | Single Head] epoch 20/50 | train_loss=0.004588 | val_loss=0.004682 | best_val_loss=0.004682 | best_epoch=20 | patience=0/5
[TAS 1998 | Single Head] epoch 21/50 | train_loss=0.011647 | val_loss=0.006540 | best_val_loss=0.004682 | best_epoch=20 | patience=1/5
[TAS 1998 | Single Head] epoch 22/50 | train_loss=0.004372 | val_loss=0.007175 | best_val_loss=0.004682 | best_epoch=20 | patience=2/5
[TAS 1998 | Single Head] epoch 23/50 | train_loss=0.002449 | val_loss=0.006764 | best_val_loss=0.004682 | best_epoch=20 | patience=3/5
[TAS 1998 | Single Head] epoch 24/50 | train_loss=0.001552 | val_loss=0.006232 | best_val_loss=0.004682 | best_epoch=20 | patience=4/5
[TAS 1998 | Single Head] epoch 25/50 | train_loss=0.006027 | val_loss=0.006524 | best_val_loss=0.004682 | best_epoch=20 | patience=5/5
[TAS 1998 | Single Head] EARLY STOP at epoch 25 | best_epoch=20 | best_val_loss=0.004682
[TAS 1998 | Single Head] TRAINING FINISHED | executed_epochs=25 | best_epoch=20 | best_val_loss=0.004682 | stopped_early=True

TAS supervised Double Head | fine-tuning year 1998 | train_n=443 | val_n=64
[TAS 1998 | Double Head] epoch 1/50 | train_loss=0.208704 | val_loss=0.051428 | best_val_loss=0.051428 | best_epoch=1 | patience=0/5
[TAS 1998 | Double Head] epoch 2/50 | train_loss=0.091037 | val_loss=0.034574 | best_val_loss=0.034574 | best_epoch=2 | patience=0/5
[TAS 1998 | Double Head] epoch 3/50 | train_loss=0.050752 | val_loss=0.025604 | best_val_loss=0.025604 | best_epoch=3 | patience=0/5
[TAS 1998 | Double Head] epoch 4/50 | train_loss=0.045923 | val_loss=0.019262 | best_val_loss=0.019262 | best_epoch=4 | patience=0/5
[TAS 1998 | Double Head] epoch 5/50 | train_loss=0.034238 | val_loss=0.017438 | best_val_loss=0.017438 | best_epoch=5 | patience=0/5
[TAS 1998 | Double Head] epoch 6/50 | train_loss=0.041735 | val_loss=0.015540 | best_val_loss=0.015540 | best_epoch=6 | patience=0/5
[TAS 1998 | Double Head] epoch 7/50 | train_loss=0.027890 | val_loss=0.013337 | best_val_loss=0.013337 | best_epoch=7 | patience=0/5
[TAS 1998 | Double Head] epoch 8/50 | train_loss=0.025405 | val_loss=0.013237 | best_val_loss=0.013337 | best_epoch=7 | patience=1/5
[TAS 1998 | Double Head] epoch 9/50 | train_loss=0.032560 | val_loss=0.011860 | best_val_loss=0.011860 | best_epoch=9 | patience=0/5
[TAS 1998 | Double Head] epoch 10/50 | train_loss=0.025558 | val_loss=0.013417 | best_val_loss=0.011860 | best_epoch=9 | patience=1/5
[TAS 1998 | Double Head] epoch 11/50 | train_loss=0.017607 | val_loss=0.012326 | best_val_loss=0.011860 | best_epoch=9 | patience=2/5
[TAS 1998 | Double Head] epoch 12/50 | train_loss=0.009325 | val_loss=0.011627 | best_val_loss=0.011627 | best_epoch=12 | patience=0/5
[TAS 1998 | Double Head] epoch 13/50 | train_loss=0.017326 | val_loss=0.011642 | best_val_loss=0.011627 | best_epoch=12 | patience=1/5
[TAS 1998 | Double Head] epoch 14/50 | train_loss=0.009034 | val_loss=0.012957 | best_val_loss=0.011627 | best_epoch=12 | patience=2/5
[TAS 1998 | Double Head] epoch 15/50 | train_loss=0.010854 | val_loss=0.010833 | best_val_loss=0.010833 | best_epoch=15 | patience=0/5
[TAS 1998 | Double Head] epoch 16/50 | train_loss=0.007388 | val_loss=0.010427 | best_val_loss=0.010427 | best_epoch=16 | patience=0/5
[TAS 1998 | Double Head] epoch 17/50 | train_loss=0.010942 | val_loss=0.010371 | best_val_loss=0.010427 | best_epoch=16 | patience=1/5
[TAS 1998 | Double Head] epoch 18/50 | train_loss=0.011496 | val_loss=0.011741 | best_val_loss=0.010427 | best_epoch=16 | patience=2/5
[TAS 1998 | Double Head] epoch 19/50 | train_loss=0.007548 | val_loss=0.012697 | best_val_loss=0.010427 | best_epoch=16 | patience=3/5
[TAS 1998 | Double Head] epoch 20/50 | train_loss=0.006337 | val_loss=0.011125 | best_val_loss=0.010427 | best_epoch=16 | patience=4/5
[TAS 1998 | Double Head] epoch 21/50 | train_loss=0.009585 | val_loss=0.010420 | best_val_loss=0.010427 | best_epoch=16 | patience=5/5
[TAS 1998 | Double Head] EARLY STOP at epoch 21 | best_epoch=16 | best_val_loss=0.010427
[TAS 1998 | Double Head] TRAINING FINISHED | executed_epochs=21 | best_epoch=16 | best_val_loss=0.010427 | stopped_early=True

================================================================================
Supervised TAS reference | year 1999
================================================================================

TAS supervised Single Head | fine-tuning year 1999 | train_n=458 | val_n=66
[TAS 1999 | Single Head] epoch 1/50 | train_loss=0.128017 | val_loss=0.026795 | best_val_loss=0.026795 | best_epoch=1 | patience=0/5
[TAS 1999 | Single Head] epoch 2/50 | train_loss=0.077106 | val_loss=0.015024 | best_val_loss=0.015024 | best_epoch=2 | patience=0/5
[TAS 1999 | Single Head] epoch 3/50 | train_loss=0.063984 | val_loss=0.038184 | best_val_loss=0.015024 | best_epoch=2 | patience=1/5
[TAS 1999 | Single Head] epoch 4/50 | train_loss=0.059319 | val_loss=0.018162 | best_val_loss=0.015024 | best_epoch=2 | patience=2/5
[TAS 1999 | Single Head] epoch 5/50 | train_loss=0.037902 | val_loss=0.027164 | best_val_loss=0.015024 | best_epoch=2 | patience=3/5
[TAS 1999 | Single Head] epoch 6/50 | train_loss=0.032416 | val_loss=0.035546 | best_val_loss=0.015024 | best_epoch=2 | patience=4/5
[TAS 1999 | Single Head] epoch 7/50 | train_loss=0.023326 | val_loss=0.036332 | best_val_loss=0.015024 | best_epoch=2 | patience=5/5
[TAS 1999 | Single Head] EARLY STOP at epoch 7 | best_epoch=2 | best_val_loss=0.015024
[TAS 1999 | Single Head] TRAINING FINISHED | executed_epochs=7 | best_epoch=2 | best_val_loss=0.015024 | stopped_early=True

TAS supervised Double Head | fine-tuning year 1999 | train_n=458 | val_n=66
[TAS 1999 | Double Head] epoch 1/50 | train_loss=0.596153 | val_loss=0.264605 | best_val_loss=0.264605 | best_epoch=1 | patience=0/5
[TAS 1999 | Double Head] epoch 2/50 | train_loss=0.203730 | val_loss=0.127119 | best_val_loss=0.127119 | best_epoch=2 | patience=0/5
[TAS 1999 | Double Head] epoch 3/50 | train_loss=0.138407 | val_loss=0.102709 | best_val_loss=0.102709 | best_epoch=3 | patience=0/5
[TAS 1999 | Double Head] epoch 4/50 | train_loss=0.076356 | val_loss=0.066334 | best_val_loss=0.066334 | best_epoch=4 | patience=0/5
[TAS 1999 | Double Head] epoch 5/50 | train_loss=0.057814 | val_loss=0.065400 | best_val_loss=0.065400 | best_epoch=5 | patience=0/5
[TAS 1999 | Double Head] epoch 6/50 | train_loss=0.056128 | val_loss=0.059509 | best_val_loss=0.059509 | best_epoch=6 | patience=0/5
[TAS 1999 | Double Head] epoch 7/50 | train_loss=0.045311 | val_loss=0.063055 | best_val_loss=0.059509 | best_epoch=6 | patience=1/5
[TAS 1999 | Double Head] epoch 8/50 | train_loss=0.037780 | val_loss=0.058135 | best_val_loss=0.058135 | best_epoch=8 | patience=0/5
[TAS 1999 | Double Head] epoch 9/50 | train_loss=0.050938 | val_loss=0.057204 | best_val_loss=0.057204 | best_epoch=9 | patience=0/5
[TAS 1999 | Double Head] epoch 10/50 | train_loss=0.029742 | val_loss=0.083296 | best_val_loss=0.057204 | best_epoch=9 | patience=1/5
[TAS 1999 | Double Head] epoch 11/50 | train_loss=0.034046 | val_loss=0.055742 | best_val_loss=0.055742 | best_epoch=11 | patience=0/5
[TAS 1999 | Double Head] epoch 12/50 | train_loss=0.039870 | val_loss=0.063919 | best_val_loss=0.055742 | best_epoch=11 | patience=1/5
[TAS 1999 | Double Head] epoch 13/50 | train_loss=0.028622 | val_loss=0.050282 | best_val_loss=0.050282 | best_epoch=13 | patience=0/5
[TAS 1999 | Double Head] epoch 14/50 | train_loss=0.033629 | val_loss=0.061804 | best_val_loss=0.050282 | best_epoch=13 | patience=1/5
[TAS 1999 | Double Head] epoch 15/50 | train_loss=0.024175 | val_loss=0.072663 | best_val_loss=0.050282 | best_epoch=13 | patience=2/5
[TAS 1999 | Double Head] epoch 16/50 | train_loss=0.019391 | val_loss=0.056005 | best_val_loss=0.050282 | best_epoch=13 | patience=3/5
[TAS 1999 | Double Head] epoch 17/50 | train_loss=0.028871 | val_loss=0.054348 | best_val_loss=0.050282 | best_epoch=13 | patience=4/5
[TAS 1999 | Double Head] epoch 18/50 | train_loss=0.013820 | val_loss=0.057716 | best_val_loss=0.050282 | best_epoch=13 | patience=5/5
[TAS 1999 | Double Head] EARLY STOP at epoch 18 | best_epoch=13 | best_val_loss=0.050282
[TAS 1999 | Double Head] TRAINING FINISHED | executed_epochs=18 | best_epoch=13 | best_val_loss=0.050282 | stopped_early=True

================================================================================
Supervised TAS reference | year 2000
================================================================================

TAS supervised Single Head | fine-tuning year 2000 | train_n=320 | val_n=46
[TAS 2000 | Single Head] epoch 1/50 | train_loss=0.115468 | val_loss=0.270531 | best_val_loss=0.270531 | best_epoch=1 | patience=0/5
[TAS 2000 | Single Head] epoch 2/50 | train_loss=0.071111 | val_loss=0.237992 | best_val_loss=0.237992 | best_epoch=2 | patience=0/5
[TAS 2000 | Single Head] epoch 3/50 | train_loss=0.040409 | val_loss=0.239692 | best_val_loss=0.237992 | best_epoch=2 | patience=1/5
[TAS 2000 | Single Head] epoch 4/50 | train_loss=0.016249 | val_loss=0.216741 | best_val_loss=0.216741 | best_epoch=4 | patience=0/5
[TAS 2000 | Single Head] epoch 5/50 | train_loss=0.020466 | val_loss=0.215648 | best_val_loss=0.215648 | best_epoch=5 | patience=0/5
[TAS 2000 | Single Head] epoch 6/50 | train_loss=0.015854 | val_loss=0.213854 | best_val_loss=0.213854 | best_epoch=6 | patience=0/5
[TAS 2000 | Single Head] epoch 7/50 | train_loss=0.009684 | val_loss=0.203172 | best_val_loss=0.203172 | best_epoch=7 | patience=0/5
[TAS 2000 | Single Head] epoch 8/50 | train_loss=0.008489 | val_loss=0.209755 | best_val_loss=0.203172 | best_epoch=7 | patience=1/5
[TAS 2000 | Single Head] epoch 9/50 | train_loss=0.015601 | val_loss=0.214652 | best_val_loss=0.203172 | best_epoch=7 | patience=2/5
[TAS 2000 | Single Head] epoch 10/50 | train_loss=0.009321 | val_loss=0.215833 | best_val_loss=0.203172 | best_epoch=7 | patience=3/5
[TAS 2000 | Single Head] epoch 11/50 | train_loss=0.009121 | val_loss=0.222515 | best_val_loss=0.203172 | best_epoch=7 | patience=4/5
[TAS 2000 | Single Head] epoch 12/50 | train_loss=0.018152 | val_loss=0.212594 | best_val_loss=0.203172 | best_epoch=7 | patience=5/5
[TAS 2000 | Single Head] EARLY STOP at epoch 12 | best_epoch=7 | best_val_loss=0.203172
[TAS 2000 | Single Head] TRAINING FINISHED | executed_epochs=12 | best_epoch=7 | best_val_loss=0.203172 | stopped_early=True

TAS supervised Double Head | fine-tuning year 2000 | train_n=320 | val_n=46
[TAS 2000 | Double Head] epoch 1/50 | train_loss=0.444172 | val_loss=0.449559 | best_val_loss=0.449559 | best_epoch=1 | patience=0/5
[TAS 2000 | Double Head] epoch 2/50 | train_loss=0.204995 | val_loss=0.310185 | best_val_loss=0.310185 | best_epoch=2 | patience=0/5
[TAS 2000 | Double Head] epoch 3/50 | train_loss=0.099734 | val_loss=0.293692 | best_val_loss=0.293692 | best_epoch=3 | patience=0/5
[TAS 2000 | Double Head] epoch 4/50 | train_loss=0.056935 | val_loss=0.256807 | best_val_loss=0.256807 | best_epoch=4 | patience=0/5
[TAS 2000 | Double Head] epoch 5/50 | train_loss=0.045209 | val_loss=0.259166 | best_val_loss=0.256807 | best_epoch=4 | patience=1/5
[TAS 2000 | Double Head] epoch 6/50 | train_loss=0.044766 | val_loss=0.257803 | best_val_loss=0.256807 | best_epoch=4 | patience=2/5
[TAS 2000 | Double Head] epoch 7/50 | train_loss=0.032270 | val_loss=0.247486 | best_val_loss=0.247486 | best_epoch=7 | patience=0/5
[TAS 2000 | Double Head] epoch 8/50 | train_loss=0.023565 | val_loss=0.272392 | best_val_loss=0.247486 | best_epoch=7 | patience=1/5
[TAS 2000 | Double Head] epoch 9/50 | train_loss=0.022855 | val_loss=0.250664 | best_val_loss=0.247486 | best_epoch=7 | patience=2/5
[TAS 2000 | Double Head] epoch 10/50 | train_loss=0.031481 | val_loss=0.252449 | best_val_loss=0.247486 | best_epoch=7 | patience=3/5
[TAS 2000 | Double Head] epoch 11/50 | train_loss=0.044804 | val_loss=0.285019 | best_val_loss=0.247486 | best_epoch=7 | patience=4/5
[TAS 2000 | Double Head] epoch 12/50 | train_loss=0.015351 | val_loss=0.238114 | best_val_loss=0.238114 | best_epoch=12 | patience=0/5
[TAS 2000 | Double Head] epoch 13/50 | train_loss=0.023718 | val_loss=0.232499 | best_val_loss=0.232499 | best_epoch=13 | patience=0/5
[TAS 2000 | Double Head] epoch 14/50 | train_loss=0.016213 | val_loss=0.239811 | best_val_loss=0.232499 | best_epoch=13 | patience=1/5
[TAS 2000 | Double Head] epoch 15/50 | train_loss=0.019421 | val_loss=0.258271 | best_val_loss=0.232499 | best_epoch=13 | patience=2/5
[TAS 2000 | Double Head] epoch 16/50 | train_loss=0.016700 | val_loss=0.270195 | best_val_loss=0.232499 | best_epoch=13 | patience=3/5
[TAS 2000 | Double Head] epoch 17/50 | train_loss=0.018258 | val_loss=0.268037 | best_val_loss=0.232499 | best_epoch=13 | patience=4/5
[TAS 2000 | Double Head] epoch 18/50 | train_loss=0.011593 | val_loss=0.262391 | best_val_loss=0.232499 | best_epoch=13 | patience=5/5
[TAS 2000 | Double Head] EARLY STOP at epoch 18 | best_epoch=13 | best_val_loss=0.232499
[TAS 2000 | Double Head] TRAINING FINISHED | executed_epochs=18 | best_epoch=13 | best_val_loss=0.232499 | stopped_early=True

================================================================================
Supervised TAS reference | year 2001
================================================================================

TAS supervised Single Head | fine-tuning year 2001 | train_n=438 | val_n=63
[TAS 2001 | Single Head] epoch 1/50 | train_loss=0.122208 | val_loss=0.045085 | best_val_loss=0.045085 | best_epoch=1 | patience=0/5
[TAS 2001 | Single Head] epoch 2/50 | train_loss=0.060310 | val_loss=0.037609 | best_val_loss=0.037609 | best_epoch=2 | patience=0/5
[TAS 2001 | Single Head] epoch 3/50 | train_loss=0.043551 | val_loss=0.029821 | best_val_loss=0.029821 | best_epoch=3 | patience=0/5
[TAS 2001 | Single Head] epoch 4/50 | train_loss=0.025170 | val_loss=0.031912 | best_val_loss=0.029821 | best_epoch=3 | patience=1/5
[TAS 2001 | Single Head] epoch 5/50 | train_loss=0.019183 | val_loss=0.031498 | best_val_loss=0.029821 | best_epoch=3 | patience=2/5
[TAS 2001 | Single Head] epoch 6/50 | train_loss=0.014615 | val_loss=0.057309 | best_val_loss=0.029821 | best_epoch=3 | patience=3/5
[TAS 2001 | Single Head] epoch 7/50 | train_loss=0.013595 | val_loss=0.056262 | best_val_loss=0.029821 | best_epoch=3 | patience=4/5
[TAS 2001 | Single Head] epoch 8/50 | train_loss=0.009320 | val_loss=0.044542 | best_val_loss=0.029821 | best_epoch=3 | patience=5/5
[TAS 2001 | Single Head] EARLY STOP at epoch 8 | best_epoch=3 | best_val_loss=0.029821
[TAS 2001 | Single Head] TRAINING FINISHED | executed_epochs=8 | best_epoch=3 | best_val_loss=0.029821 | stopped_early=True

TAS supervised Double Head | fine-tuning year 2001 | train_n=438 | val_n=63
[TAS 2001 | Double Head] epoch 1/50 | train_loss=0.569450 | val_loss=0.250776 | best_val_loss=0.250776 | best_epoch=1 | patience=0/5
[TAS 2001 | Double Head] epoch 2/50 | train_loss=0.177586 | val_loss=0.172371 | best_val_loss=0.172371 | best_epoch=2 | patience=0/5
[TAS 2001 | Double Head] epoch 3/50 | train_loss=0.109164 | val_loss=0.115637 | best_val_loss=0.115637 | best_epoch=3 | patience=0/5
[TAS 2001 | Double Head] epoch 4/50 | train_loss=0.069147 | val_loss=0.117311 | best_val_loss=0.115637 | best_epoch=3 | patience=1/5
[TAS 2001 | Double Head] epoch 5/50 | train_loss=0.038206 | val_loss=0.112534 | best_val_loss=0.112534 | best_epoch=5 | patience=0/5
[TAS 2001 | Double Head] epoch 6/50 | train_loss=0.037059 | val_loss=0.102153 | best_val_loss=0.102153 | best_epoch=6 | patience=0/5
[TAS 2001 | Double Head] epoch 7/50 | train_loss=0.033493 | val_loss=0.100437 | best_val_loss=0.100437 | best_epoch=7 | patience=0/5
[TAS 2001 | Double Head] epoch 8/50 | train_loss=0.023193 | val_loss=0.095480 | best_val_loss=0.095480 | best_epoch=8 | patience=0/5
[TAS 2001 | Double Head] epoch 9/50 | train_loss=0.026523 | val_loss=0.095479 | best_val_loss=0.095480 | best_epoch=8 | patience=1/5
[TAS 2001 | Double Head] epoch 10/50 | train_loss=0.013849 | val_loss=0.099640 | best_val_loss=0.095480 | best_epoch=8 | patience=2/5
[TAS 2001 | Double Head] epoch 11/50 | train_loss=0.023753 | val_loss=0.092606 | best_val_loss=0.092606 | best_epoch=11 | patience=0/5
[TAS 2001 | Double Head] epoch 12/50 | train_loss=0.013902 | val_loss=0.089807 | best_val_loss=0.089807 | best_epoch=12 | patience=0/5
[TAS 2001 | Double Head] epoch 13/50 | train_loss=0.018811 | val_loss=0.091702 | best_val_loss=0.089807 | best_epoch=12 | patience=1/5
[TAS 2001 | Double Head] epoch 14/50 | train_loss=0.011712 | val_loss=0.091216 | best_val_loss=0.089807 | best_epoch=12 | patience=2/5
[TAS 2001 | Double Head] epoch 15/50 | train_loss=0.016506 | val_loss=0.089327 | best_val_loss=0.089327 | best_epoch=15 | patience=0/5
[TAS 2001 | Double Head] epoch 16/50 | train_loss=0.009543 | val_loss=0.087382 | best_val_loss=0.087382 | best_epoch=16 | patience=0/5
[TAS 2001 | Double Head] epoch 17/50 | train_loss=0.011431 | val_loss=0.090130 | best_val_loss=0.087382 | best_epoch=16 | patience=1/5
[TAS 2001 | Double Head] epoch 18/50 | train_loss=0.011319 | val_loss=0.088515 | best_val_loss=0.087382 | best_epoch=16 | patience=2/5
[TAS 2001 | Double Head] epoch 19/50 | train_loss=0.011380 | val_loss=0.086484 | best_val_loss=0.086484 | best_epoch=19 | patience=0/5
[TAS 2001 | Double Head] epoch 20/50 | train_loss=0.009712 | val_loss=0.092555 | best_val_loss=0.086484 | best_epoch=19 | patience=1/5
[TAS 2001 | Double Head] epoch 21/50 | train_loss=0.008683 | val_loss=0.096839 | best_val_loss=0.086484 | best_epoch=19 | patience=2/5
[TAS 2001 | Double Head] epoch 22/50 | train_loss=0.007230 | val_loss=0.102548 | best_val_loss=0.086484 | best_epoch=19 | patience=3/5
[TAS 2001 | Double Head] epoch 23/50 | train_loss=0.006832 | val_loss=0.107777 | best_val_loss=0.086484 | best_epoch=19 | patience=4/5
[TAS 2001 | Double Head] epoch 24/50 | train_loss=0.008787 | val_loss=0.099611 | best_val_loss=0.086484 | best_epoch=19 | patience=5/5
[TAS 2001 | Double Head] EARLY STOP at epoch 24 | best_epoch=19 | best_val_loss=0.086484
[TAS 2001 | Double Head] TRAINING FINISHED | executed_epochs=24 | best_epoch=19 | best_val_loss=0.086484 | stopped_early=True

================================================================================
Supervised TAS reference | year 2002
================================================================================

TAS supervised Single Head | fine-tuning year 2002 | train_n=501 | val_n=72
[TAS 2002 | Single Head] epoch 1/50 | train_loss=0.077357 | val_loss=0.025607 | best_val_loss=0.025607 | best_epoch=1 | patience=0/5
[TAS 2002 | Single Head] epoch 2/50 | train_loss=0.045467 | val_loss=0.023337 | best_val_loss=0.023337 | best_epoch=2 | patience=0/5
[TAS 2002 | Single Head] epoch 3/50 | train_loss=0.033429 | val_loss=0.019274 | best_val_loss=0.019274 | best_epoch=3 | patience=0/5
[TAS 2002 | Single Head] epoch 4/50 | train_loss=0.020783 | val_loss=0.014075 | best_val_loss=0.014075 | best_epoch=4 | patience=0/5
[TAS 2002 | Single Head] epoch 5/50 | train_loss=0.020300 | val_loss=0.025312 | best_val_loss=0.014075 | best_epoch=4 | patience=1/5
[TAS 2002 | Single Head] epoch 6/50 | train_loss=0.014872 | val_loss=0.016265 | best_val_loss=0.014075 | best_epoch=4 | patience=2/5
[TAS 2002 | Single Head] epoch 7/50 | train_loss=0.009593 | val_loss=0.023680 | best_val_loss=0.014075 | best_epoch=4 | patience=3/5
[TAS 2002 | Single Head] epoch 8/50 | train_loss=0.012593 | val_loss=0.019001 | best_val_loss=0.014075 | best_epoch=4 | patience=4/5
[TAS 2002 | Single Head] epoch 9/50 | train_loss=0.011071 | val_loss=0.015976 | best_val_loss=0.014075 | best_epoch=4 | patience=5/5
[TAS 2002 | Single Head] EARLY STOP at epoch 9 | best_epoch=4 | best_val_loss=0.014075
[TAS 2002 | Single Head] TRAINING FINISHED | executed_epochs=9 | best_epoch=4 | best_val_loss=0.014075 | stopped_early=True

TAS supervised Double Head | fine-tuning year 2002 | train_n=501 | val_n=72
[TAS 2002 | Double Head] epoch 1/50 | train_loss=0.290033 | val_loss=0.076960 | best_val_loss=0.076960 | best_epoch=1 | patience=0/5
[TAS 2002 | Double Head] epoch 2/50 | train_loss=0.127120 | val_loss=0.067576 | best_val_loss=0.067576 | best_epoch=2 | patience=0/5
[TAS 2002 | Double Head] epoch 3/50 | train_loss=0.063457 | val_loss=0.068290 | best_val_loss=0.067576 | best_epoch=2 | patience=1/5
[TAS 2002 | Double Head] epoch 4/50 | train_loss=0.041081 | val_loss=0.085610 | best_val_loss=0.067576 | best_epoch=2 | patience=2/5
[TAS 2002 | Double Head] epoch 5/50 | train_loss=0.029763 | val_loss=0.065215 | best_val_loss=0.065215 | best_epoch=5 | patience=0/5
[TAS 2002 | Double Head] epoch 6/50 | train_loss=0.023203 | val_loss=0.065736 | best_val_loss=0.065215 | best_epoch=5 | patience=1/5
[TAS 2002 | Double Head] epoch 7/50 | train_loss=0.028388 | val_loss=0.089521 | best_val_loss=0.065215 | best_epoch=5 | patience=2/5
[TAS 2002 | Double Head] epoch 8/50 | train_loss=0.022643 | val_loss=0.054655 | best_val_loss=0.054655 | best_epoch=8 | patience=0/5
[TAS 2002 | Double Head] epoch 9/50 | train_loss=0.022138 | val_loss=0.052135 | best_val_loss=0.052135 | best_epoch=9 | patience=0/5
[TAS 2002 | Double Head] epoch 10/50 | train_loss=0.017558 | val_loss=0.053081 | best_val_loss=0.052135 | best_epoch=9 | patience=1/5
[TAS 2002 | Double Head] epoch 11/50 | train_loss=0.016533 | val_loss=0.053869 | best_val_loss=0.052135 | best_epoch=9 | patience=2/5
[TAS 2002 | Double Head] epoch 12/50 | train_loss=0.017815 | val_loss=0.063498 | best_val_loss=0.052135 | best_epoch=9 | patience=3/5
[TAS 2002 | Double Head] epoch 13/50 | train_loss=0.016128 | val_loss=0.060541 | best_val_loss=0.052135 | best_epoch=9 | patience=4/5
[TAS 2002 | Double Head] epoch 14/50 | train_loss=0.015027 | val_loss=0.060454 | best_val_loss=0.052135 | best_epoch=9 | patience=5/5
[TAS 2002 | Double Head] EARLY STOP at epoch 14 | best_epoch=9 | best_val_loss=0.052135
[TAS 2002 | Double Head] TRAINING FINISHED | executed_epochs=14 | best_epoch=9 | best_val_loss=0.052135 | stopped_early=True

================================================================================
Supervised TAS reference | year 2003
================================================================================

TAS supervised Single Head | fine-tuning year 2003 | train_n=287 | val_n=41
[TAS 2003 | Single Head] epoch 1/50 | train_loss=0.194637 | val_loss=0.089286 | best_val_loss=0.089286 | best_epoch=1 | patience=0/5
[TAS 2003 | Single Head] epoch 2/50 | train_loss=0.117490 | val_loss=0.108591 | best_val_loss=0.089286 | best_epoch=1 | patience=1/5
[TAS 2003 | Single Head] epoch 3/50 | train_loss=0.059698 | val_loss=0.096300 | best_val_loss=0.089286 | best_epoch=1 | patience=2/5
[TAS 2003 | Single Head] epoch 4/50 | train_loss=0.053820 | val_loss=0.042501 | best_val_loss=0.042501 | best_epoch=4 | patience=0/5
[TAS 2003 | Single Head] epoch 5/50 | train_loss=0.021597 | val_loss=0.035048 | best_val_loss=0.035048 | best_epoch=5 | patience=0/5
[TAS 2003 | Single Head] epoch 6/50 | train_loss=0.023590 | val_loss=0.038983 | best_val_loss=0.035048 | best_epoch=5 | patience=1/5
[TAS 2003 | Single Head] epoch 7/50 | train_loss=0.019429 | val_loss=0.037537 | best_val_loss=0.035048 | best_epoch=5 | patience=2/5
[TAS 2003 | Single Head] epoch 8/50 | train_loss=0.034258 | val_loss=0.039402 | best_val_loss=0.035048 | best_epoch=5 | patience=3/5
[TAS 2003 | Single Head] epoch 9/50 | train_loss=0.011034 | val_loss=0.041611 | best_val_loss=0.035048 | best_epoch=5 | patience=4/5
[TAS 2003 | Single Head] epoch 10/50 | train_loss=0.014013 | val_loss=0.040107 | best_val_loss=0.035048 | best_epoch=5 | patience=5/5
[TAS 2003 | Single Head] EARLY STOP at epoch 10 | best_epoch=5 | best_val_loss=0.035048
[TAS 2003 | Single Head] TRAINING FINISHED | executed_epochs=10 | best_epoch=5 | best_val_loss=0.035048 | stopped_early=True

TAS supervised Double Head | fine-tuning year 2003 | train_n=287 | val_n=41
[TAS 2003 | Double Head] epoch 1/50 | train_loss=1.019083 | val_loss=0.182983 | best_val_loss=0.182983 | best_epoch=1 | patience=0/5
[TAS 2003 | Double Head] epoch 2/50 | train_loss=0.229417 | val_loss=0.079006 | best_val_loss=0.079006 | best_epoch=2 | patience=0/5
[TAS 2003 | Double Head] epoch 3/50 | train_loss=0.098664 | val_loss=0.096890 | best_val_loss=0.079006 | best_epoch=2 | patience=1/5
[TAS 2003 | Double Head] epoch 4/50 | train_loss=0.080587 | val_loss=0.093576 | best_val_loss=0.079006 | best_epoch=2 | patience=2/5
[TAS 2003 | Double Head] epoch 5/50 | train_loss=0.053923 | val_loss=0.071827 | best_val_loss=0.071827 | best_epoch=5 | patience=0/5
[TAS 2003 | Double Head] epoch 6/50 | train_loss=0.026315 | val_loss=0.059472 | best_val_loss=0.059472 | best_epoch=6 | patience=0/5
[TAS 2003 | Double Head] epoch 7/50 | train_loss=0.021563 | val_loss=0.055932 | best_val_loss=0.055932 | best_epoch=7 | patience=0/5
[TAS 2003 | Double Head] epoch 8/50 | train_loss=0.036003 | val_loss=0.054271 | best_val_loss=0.054271 | best_epoch=8 | patience=0/5
[TAS 2003 | Double Head] epoch 9/50 | train_loss=0.015274 | val_loss=0.052096 | best_val_loss=0.052096 | best_epoch=9 | patience=0/5
[TAS 2003 | Double Head] epoch 10/50 | train_loss=0.019709 | val_loss=0.051823 | best_val_loss=0.051823 | best_epoch=10 | patience=0/5
[TAS 2003 | Double Head] epoch 11/50 | train_loss=0.028557 | val_loss=0.054938 | best_val_loss=0.051823 | best_epoch=10 | patience=1/5
[TAS 2003 | Double Head] epoch 12/50 | train_loss=0.025346 | val_loss=0.054272 | best_val_loss=0.051823 | best_epoch=10 | patience=2/5
[TAS 2003 | Double Head] epoch 13/50 | train_loss=0.018468 | val_loss=0.051868 | best_val_loss=0.051823 | best_epoch=10 | patience=3/5
[TAS 2003 | Double Head] epoch 14/50 | train_loss=0.029360 | val_loss=0.047538 | best_val_loss=0.047538 | best_epoch=14 | patience=0/5
[TAS 2003 | Double Head] epoch 15/50 | train_loss=0.021389 | val_loss=0.056479 | best_val_loss=0.047538 | best_epoch=14 | patience=1/5
[TAS 2003 | Double Head] epoch 16/50 | train_loss=0.019875 | val_loss=0.056994 | best_val_loss=0.047538 | best_epoch=14 | patience=2/5
[TAS 2003 | Double Head] epoch 17/50 | train_loss=0.014013 | val_loss=0.057726 | best_val_loss=0.047538 | best_epoch=14 | patience=3/5
[TAS 2003 | Double Head] epoch 18/50 | train_loss=0.010694 | val_loss=0.052986 | best_val_loss=0.047538 | best_epoch=14 | patience=4/5
[TAS 2003 | Double Head] epoch 19/50 | train_loss=0.011854 | val_loss=0.056803 | best_val_loss=0.047538 | best_epoch=14 | patience=5/5
[TAS 2003 | Double Head] EARLY STOP at epoch 19 | best_epoch=14 | best_val_loss=0.047538
[TAS 2003 | Double Head] TRAINING FINISHED | executed_epochs=19 | best_epoch=14 | best_val_loss=0.047538 | stopped_early=True

================================================================================
Supervised TAS reference | year 2004
================================================================================

TAS supervised Single Head | fine-tuning year 2004 | train_n=355 | val_n=51
[TAS 2004 | Single Head] epoch 1/50 | train_loss=0.120177 | val_loss=0.191525 | best_val_loss=0.191525 | best_epoch=1 | patience=0/5
[TAS 2004 | Single Head] epoch 2/50 | train_loss=0.068684 | val_loss=0.130129 | best_val_loss=0.130129 | best_epoch=2 | patience=0/5
[TAS 2004 | Single Head] epoch 3/50 | train_loss=0.051171 | val_loss=0.106108 | best_val_loss=0.106108 | best_epoch=3 | patience=0/5
[TAS 2004 | Single Head] epoch 4/50 | train_loss=0.024214 | val_loss=0.123268 | best_val_loss=0.106108 | best_epoch=3 | patience=1/5
[TAS 2004 | Single Head] epoch 5/50 | train_loss=0.035597 | val_loss=0.171449 | best_val_loss=0.106108 | best_epoch=3 | patience=2/5
[TAS 2004 | Single Head] epoch 6/50 | train_loss=0.017743 | val_loss=0.287867 | best_val_loss=0.106108 | best_epoch=3 | patience=3/5
[TAS 2004 | Single Head] epoch 7/50 | train_loss=0.031651 | val_loss=0.135981 | best_val_loss=0.106108 | best_epoch=3 | patience=4/5
[TAS 2004 | Single Head] epoch 8/50 | train_loss=0.036653 | val_loss=0.099430 | best_val_loss=0.099430 | best_epoch=8 | patience=0/5
[TAS 2004 | Single Head] epoch 9/50 | train_loss=0.025880 | val_loss=0.116622 | best_val_loss=0.099430 | best_epoch=8 | patience=1/5
[TAS 2004 | Single Head] epoch 10/50 | train_loss=0.015706 | val_loss=0.123251 | best_val_loss=0.099430 | best_epoch=8 | patience=2/5
[TAS 2004 | Single Head] epoch 11/50 | train_loss=0.011693 | val_loss=0.130373 | best_val_loss=0.099430 | best_epoch=8 | patience=3/5
[TAS 2004 | Single Head] epoch 12/50 | train_loss=0.034681 | val_loss=0.125661 | best_val_loss=0.099430 | best_epoch=8 | patience=4/5
[TAS 2004 | Single Head] epoch 13/50 | train_loss=0.016520 | val_loss=0.119168 | best_val_loss=0.099430 | best_epoch=8 | patience=5/5
[TAS 2004 | Single Head] EARLY STOP at epoch 13 | best_epoch=8 | best_val_loss=0.099430
[TAS 2004 | Single Head] TRAINING FINISHED | executed_epochs=13 | best_epoch=8 | best_val_loss=0.099430 | stopped_early=True

TAS supervised Double Head | fine-tuning year 2004 | train_n=355 | val_n=51
[TAS 2004 | Double Head] epoch 1/50 | train_loss=0.554031 | val_loss=0.313862 | best_val_loss=0.313862 | best_epoch=1 | patience=0/5
[TAS 2004 | Double Head] epoch 2/50 | train_loss=0.142989 | val_loss=0.344015 | best_val_loss=0.313862 | best_epoch=1 | patience=1/5
[TAS 2004 | Double Head] epoch 3/50 | train_loss=0.083493 | val_loss=0.299478 | best_val_loss=0.299478 | best_epoch=3 | patience=0/5
[TAS 2004 | Double Head] epoch 4/50 | train_loss=0.087033 | val_loss=0.359328 | best_val_loss=0.299478 | best_epoch=3 | patience=1/5
[TAS 2004 | Double Head] epoch 5/50 | train_loss=0.081179 | val_loss=0.424458 | best_val_loss=0.299478 | best_epoch=3 | patience=2/5
[TAS 2004 | Double Head] epoch 6/50 | train_loss=0.051120 | val_loss=0.220109 | best_val_loss=0.220109 | best_epoch=6 | patience=0/5
[TAS 2004 | Double Head] epoch 7/50 | train_loss=0.069355 | val_loss=0.199157 | best_val_loss=0.199157 | best_epoch=7 | patience=0/5
[TAS 2004 | Double Head] epoch 8/50 | train_loss=0.039331 | val_loss=0.188584 | best_val_loss=0.188584 | best_epoch=8 | patience=0/5
[TAS 2004 | Double Head] epoch 9/50 | train_loss=0.032777 | val_loss=0.209987 | best_val_loss=0.188584 | best_epoch=8 | patience=1/5
[TAS 2004 | Double Head] epoch 10/50 | train_loss=0.044401 | val_loss=0.190591 | best_val_loss=0.188584 | best_epoch=8 | patience=2/5
[TAS 2004 | Double Head] epoch 11/50 | train_loss=0.028490 | val_loss=0.182382 | best_val_loss=0.182382 | best_epoch=11 | patience=0/5
[TAS 2004 | Double Head] epoch 12/50 | train_loss=0.023815 | val_loss=0.219532 | best_val_loss=0.182382 | best_epoch=11 | patience=1/5
[TAS 2004 | Double Head] epoch 13/50 | train_loss=0.025616 | val_loss=0.194696 | best_val_loss=0.182382 | best_epoch=11 | patience=2/5
[TAS 2004 | Double Head] epoch 14/50 | train_loss=0.030306 | val_loss=0.224071 | best_val_loss=0.182382 | best_epoch=11 | patience=3/5
[TAS 2004 | Double Head] epoch 15/50 | train_loss=0.034503 | val_loss=0.214565 | best_val_loss=0.182382 | best_epoch=11 | patience=4/5
[TAS 2004 | Double Head] epoch 16/50 | train_loss=0.034762 | val_loss=0.191758 | best_val_loss=0.182382 | best_epoch=11 | patience=5/5
[TAS 2004 | Double Head] EARLY STOP at epoch 16 | best_epoch=11 | best_val_loss=0.182382
[TAS 2004 | Double Head] TRAINING FINISHED | executed_epochs=16 | best_epoch=11 | best_val_loss=0.182382 | stopped_early=True

================================================================================
Supervised TAS reference | year 2005
================================================================================

TAS supervised Single Head | fine-tuning year 2005 | train_n=308 | val_n=45
[TAS 2005 | Single Head] epoch 1/50 | train_loss=0.190503 | val_loss=0.240871 | best_val_loss=0.240871 | best_epoch=1 | patience=0/5
[TAS 2005 | Single Head] epoch 2/50 | train_loss=0.114843 | val_loss=0.366744 | best_val_loss=0.240871 | best_epoch=1 | patience=1/5
[TAS 2005 | Single Head] epoch 3/50 | train_loss=0.062530 | val_loss=0.253678 | best_val_loss=0.240871 | best_epoch=1 | patience=2/5
[TAS 2005 | Single Head] epoch 4/50 | train_loss=0.064678 | val_loss=0.187605 | best_val_loss=0.187605 | best_epoch=4 | patience=0/5
[TAS 2005 | Single Head] epoch 5/50 | train_loss=0.043249 | val_loss=0.184980 | best_val_loss=0.184980 | best_epoch=5 | patience=0/5
[TAS 2005 | Single Head] epoch 6/50 | train_loss=0.035359 | val_loss=0.183136 | best_val_loss=0.183136 | best_epoch=6 | patience=0/5
[TAS 2005 | Single Head] epoch 7/50 | train_loss=0.029186 | val_loss=0.169980 | best_val_loss=0.169980 | best_epoch=7 | patience=0/5
[TAS 2005 | Single Head] epoch 8/50 | train_loss=0.018985 | val_loss=0.165746 | best_val_loss=0.165746 | best_epoch=8 | patience=0/5
[TAS 2005 | Single Head] epoch 9/50 | train_loss=0.013295 | val_loss=0.169646 | best_val_loss=0.165746 | best_epoch=8 | patience=1/5
[TAS 2005 | Single Head] epoch 10/50 | train_loss=0.016747 | val_loss=0.162932 | best_val_loss=0.162932 | best_epoch=10 | patience=0/5
[TAS 2005 | Single Head] epoch 11/50 | train_loss=0.012018 | val_loss=0.160458 | best_val_loss=0.160458 | best_epoch=11 | patience=0/5
[TAS 2005 | Single Head] epoch 12/50 | train_loss=0.011392 | val_loss=0.163121 | best_val_loss=0.160458 | best_epoch=11 | patience=1/5
[TAS 2005 | Single Head] epoch 13/50 | train_loss=0.009383 | val_loss=0.159603 | best_val_loss=0.159603 | best_epoch=13 | patience=0/5
[TAS 2005 | Single Head] epoch 14/50 | train_loss=0.009344 | val_loss=0.161233 | best_val_loss=0.159603 | best_epoch=13 | patience=1/5
[TAS 2005 | Single Head] epoch 15/50 | train_loss=0.007148 | val_loss=0.161478 | best_val_loss=0.159603 | best_epoch=13 | patience=2/5
[TAS 2005 | Single Head] epoch 16/50 | train_loss=0.007195 | val_loss=0.164649 | best_val_loss=0.159603 | best_epoch=13 | patience=3/5
[TAS 2005 | Single Head] epoch 17/50 | train_loss=0.007044 | val_loss=0.164468 | best_val_loss=0.159603 | best_epoch=13 | patience=4/5
[TAS 2005 | Single Head] epoch 18/50 | train_loss=0.008216 | val_loss=0.167428 | best_val_loss=0.159603 | best_epoch=13 | patience=5/5
[TAS 2005 | Single Head] EARLY STOP at epoch 18 | best_epoch=13 | best_val_loss=0.159603
[TAS 2005 | Single Head] TRAINING FINISHED | executed_epochs=18 | best_epoch=13 | best_val_loss=0.159603 | stopped_early=True

TAS supervised Double Head | fine-tuning year 2005 | train_n=308 | val_n=45
[TAS 2005 | Double Head] epoch 1/50 | train_loss=0.677602 | val_loss=0.405610 | best_val_loss=0.405610 | best_epoch=1 | patience=0/5
[TAS 2005 | Double Head] epoch 2/50 | train_loss=0.186777 | val_loss=0.377357 | best_val_loss=0.377357 | best_epoch=2 | patience=0/5
[TAS 2005 | Double Head] epoch 3/50 | train_loss=0.097119 | val_loss=0.313769 | best_val_loss=0.313769 | best_epoch=3 | patience=0/5
[TAS 2005 | Double Head] epoch 4/50 | train_loss=0.061555 | val_loss=0.285842 | best_val_loss=0.285842 | best_epoch=4 | patience=0/5
[TAS 2005 | Double Head] epoch 5/50 | train_loss=0.044388 | val_loss=0.278333 | best_val_loss=0.278333 | best_epoch=5 | patience=0/5
[TAS 2005 | Double Head] epoch 6/50 | train_loss=0.037971 | val_loss=0.271979 | best_val_loss=0.271979 | best_epoch=6 | patience=0/5
[TAS 2005 | Double Head] epoch 7/50 | train_loss=0.038915 | val_loss=0.259038 | best_val_loss=0.259038 | best_epoch=7 | patience=0/5
[TAS 2005 | Double Head] epoch 8/50 | train_loss=0.024105 | val_loss=0.261482 | best_val_loss=0.259038 | best_epoch=7 | patience=1/5
[TAS 2005 | Double Head] epoch 9/50 | train_loss=0.043958 | val_loss=0.266177 | best_val_loss=0.259038 | best_epoch=7 | patience=2/5
[TAS 2005 | Double Head] epoch 10/50 | train_loss=0.025231 | val_loss=0.263304 | best_val_loss=0.259038 | best_epoch=7 | patience=3/5
[TAS 2005 | Double Head] epoch 11/50 | train_loss=0.030064 | val_loss=0.247753 | best_val_loss=0.247753 | best_epoch=11 | patience=0/5
[TAS 2005 | Double Head] epoch 12/50 | train_loss=0.018571 | val_loss=0.241787 | best_val_loss=0.241787 | best_epoch=12 | patience=0/5
[TAS 2005 | Double Head] epoch 13/50 | train_loss=0.016891 | val_loss=0.238431 | best_val_loss=0.238431 | best_epoch=13 | patience=0/5
[TAS 2005 | Double Head] epoch 14/50 | train_loss=0.012730 | val_loss=0.239392 | best_val_loss=0.238431 | best_epoch=13 | patience=1/5
[TAS 2005 | Double Head] epoch 15/50 | train_loss=0.018177 | val_loss=0.243897 | best_val_loss=0.238431 | best_epoch=13 | patience=2/5
[TAS 2005 | Double Head] epoch 16/50 | train_loss=0.023261 | val_loss=0.249540 | best_val_loss=0.238431 | best_epoch=13 | patience=3/5
[TAS 2005 | Double Head] epoch 17/50 | train_loss=0.013109 | val_loss=0.254705 | best_val_loss=0.238431 | best_epoch=13 | patience=4/5
[TAS 2005 | Double Head] epoch 18/50 | train_loss=0.011380 | val_loss=0.258801 | best_val_loss=0.238431 | best_epoch=13 | patience=5/5
[TAS 2005 | Double Head] EARLY STOP at epoch 18 | best_epoch=13 | best_val_loss=0.238431
[TAS 2005 | Double Head] TRAINING FINISHED | executed_epochs=18 | best_epoch=13 | best_val_loss=0.238431 | stopped_early=True

================================================================================
Supervised TAS reference | year 2006
================================================================================

TAS supervised Single Head | fine-tuning year 2006 | train_n=49 | val_n=7
[TAS 2006 | Single Head] epoch 1/50 | train_loss=0.103776 | val_loss=0.453679 | best_val_loss=0.453679 | best_epoch=1 | patience=0/5
[TAS 2006 | Single Head] epoch 2/50 | train_loss=0.131693 | val_loss=0.377777 | best_val_loss=0.377777 | best_epoch=2 | patience=0/5
[TAS 2006 | Single Head] epoch 3/50 | train_loss=0.071524 | val_loss=0.329374 | best_val_loss=0.329374 | best_epoch=3 | patience=0/5
[TAS 2006 | Single Head] epoch 4/50 | train_loss=0.036756 | val_loss=0.262935 | best_val_loss=0.262935 | best_epoch=4 | patience=0/5
[TAS 2006 | Single Head] epoch 5/50 | train_loss=0.024424 | val_loss=0.204176 | best_val_loss=0.204176 | best_epoch=5 | patience=0/5
[TAS 2006 | Single Head] epoch 6/50 | train_loss=0.025275 | val_loss=0.167793 | best_val_loss=0.167793 | best_epoch=6 | patience=0/5
[TAS 2006 | Single Head] epoch 7/50 | train_loss=0.014133 | val_loss=0.123638 | best_val_loss=0.123638 | best_epoch=7 | patience=0/5
[TAS 2006 | Single Head] epoch 8/50 | train_loss=0.005316 | val_loss=0.101745 | best_val_loss=0.101745 | best_epoch=8 | patience=0/5
[TAS 2006 | Single Head] epoch 9/50 | train_loss=0.003486 | val_loss=0.095533 | best_val_loss=0.095533 | best_epoch=9 | patience=0/5
[TAS 2006 | Single Head] epoch 10/50 | train_loss=0.018196 | val_loss=0.080824 | best_val_loss=0.080824 | best_epoch=10 | patience=0/5
[TAS 2006 | Single Head] epoch 11/50 | train_loss=0.014534 | val_loss=0.072903 | best_val_loss=0.072903 | best_epoch=11 | patience=0/5
[TAS 2006 | Single Head] epoch 12/50 | train_loss=0.002087 | val_loss=0.072105 | best_val_loss=0.072105 | best_epoch=12 | patience=0/5
[TAS 2006 | Single Head] epoch 13/50 | train_loss=0.002017 | val_loss=0.067901 | best_val_loss=0.067901 | best_epoch=13 | patience=0/5
[TAS 2006 | Single Head] epoch 14/50 | train_loss=0.003425 | val_loss=0.075352 | best_val_loss=0.067901 | best_epoch=13 | patience=1/5
[TAS 2006 | Single Head] epoch 15/50 | train_loss=0.002195 | val_loss=0.079688 | best_val_loss=0.067901 | best_epoch=13 | patience=2/5
[TAS 2006 | Single Head] epoch 16/50 | train_loss=0.001604 | val_loss=0.083345 | best_val_loss=0.067901 | best_epoch=13 | patience=3/5
[TAS 2006 | Single Head] epoch 17/50 | train_loss=0.001388 | val_loss=0.086840 | best_val_loss=0.067901 | best_epoch=13 | patience=4/5
[TAS 2006 | Single Head] epoch 18/50 | train_loss=0.001180 | val_loss=0.091694 | best_val_loss=0.067901 | best_epoch=13 | patience=5/5
[TAS 2006 | Single Head] EARLY STOP at epoch 18 | best_epoch=13 | best_val_loss=0.067901
[TAS 2006 | Single Head] TRAINING FINISHED | executed_epochs=18 | best_epoch=13 | best_val_loss=0.067901 | stopped_early=True

TAS supervised Double Head | fine-tuning year 2006 | train_n=49 | val_n=7
[TAS 2006 | Double Head] epoch 1/50 | train_loss=1.735839 | val_loss=1.674210 | best_val_loss=1.674210 | best_epoch=1 | patience=0/5
[TAS 2006 | Double Head] epoch 2/50 | train_loss=1.563255 | val_loss=1.616370 | best_val_loss=1.616370 | best_epoch=2 | patience=0/5
[TAS 2006 | Double Head] epoch 3/50 | train_loss=1.318482 | val_loss=1.505078 | best_val_loss=1.505078 | best_epoch=3 | patience=0/5
[TAS 2006 | Double Head] epoch 4/50 | train_loss=0.791905 | val_loss=1.428086 | best_val_loss=1.428086 | best_epoch=4 | patience=0/5
[TAS 2006 | Double Head] epoch 5/50 | train_loss=0.525651 | val_loss=1.364750 | best_val_loss=1.364750 | best_epoch=5 | patience=0/5
[TAS 2006 | Double Head] epoch 6/50 | train_loss=0.287376 | val_loss=1.314703 | best_val_loss=1.314703 | best_epoch=6 | patience=0/5
[TAS 2006 | Double Head] epoch 7/50 | train_loss=0.206812 | val_loss=1.282218 | best_val_loss=1.282218 | best_epoch=7 | patience=0/5
[TAS 2006 | Double Head] epoch 8/50 | train_loss=0.125397 | val_loss=1.217544 | best_val_loss=1.217544 | best_epoch=8 | patience=0/5
[TAS 2006 | Double Head] epoch 9/50 | train_loss=0.125609 | val_loss=1.173536 | best_val_loss=1.173536 | best_epoch=9 | patience=0/5
[TAS 2006 | Double Head] epoch 10/50 | train_loss=0.049248 | val_loss=1.140748 | best_val_loss=1.140748 | best_epoch=10 | patience=0/5
[TAS 2006 | Double Head] epoch 11/50 | train_loss=0.039024 | val_loss=1.105830 | best_val_loss=1.105830 | best_epoch=11 | patience=0/5
[TAS 2006 | Double Head] epoch 12/50 | train_loss=0.028327 | val_loss=1.083174 | best_val_loss=1.083174 | best_epoch=12 | patience=0/5
[TAS 2006 | Double Head] epoch 13/50 | train_loss=0.017297 | val_loss=1.072772 | best_val_loss=1.072772 | best_epoch=13 | patience=0/5
[TAS 2006 | Double Head] epoch 14/50 | train_loss=0.021705 | val_loss=1.051319 | best_val_loss=1.051319 | best_epoch=14 | patience=0/5
[TAS 2006 | Double Head] epoch 15/50 | train_loss=0.013926 | val_loss=1.044995 | best_val_loss=1.044995 | best_epoch=15 | patience=0/5
[TAS 2006 | Double Head] epoch 16/50 | train_loss=0.031860 | val_loss=1.036714 | best_val_loss=1.036714 | best_epoch=16 | patience=0/5
[TAS 2006 | Double Head] epoch 17/50 | train_loss=0.025937 | val_loss=1.028514 | best_val_loss=1.028514 | best_epoch=17 | patience=0/5
[TAS 2006 | Double Head] epoch 18/50 | train_loss=0.023242 | val_loss=1.018334 | best_val_loss=1.018334 | best_epoch=18 | patience=0/5
[TAS 2006 | Double Head] epoch 19/50 | train_loss=0.022456 | val_loss=1.014032 | best_val_loss=1.014032 | best_epoch=19 | patience=0/5
[TAS 2006 | Double Head] epoch 20/50 | train_loss=0.006567 | val_loss=0.991349 | best_val_loss=0.991349 | best_epoch=20 | patience=0/5
[TAS 2006 | Double Head] epoch 21/50 | train_loss=0.010030 | val_loss=0.955981 | best_val_loss=0.955981 | best_epoch=21 | patience=0/5
[TAS 2006 | Double Head] epoch 22/50 | train_loss=0.026231 | val_loss=0.946770 | best_val_loss=0.946770 | best_epoch=22 | patience=0/5
[TAS 2006 | Double Head] epoch 23/50 | train_loss=0.004506 | val_loss=0.943669 | best_val_loss=0.943669 | best_epoch=23 | patience=0/5
[TAS 2006 | Double Head] epoch 24/50 | train_loss=0.005531 | val_loss=0.923785 | best_val_loss=0.923785 | best_epoch=24 | patience=0/5
[TAS 2006 | Double Head] epoch 25/50 | train_loss=0.005700 | val_loss=0.930948 | best_val_loss=0.923785 | best_epoch=24 | patience=1/5
[TAS 2006 | Double Head] epoch 26/50 | train_loss=0.006832 | val_loss=0.914135 | best_val_loss=0.914135 | best_epoch=26 | patience=0/5
[TAS 2006 | Double Head] epoch 27/50 | train_loss=0.008523 | val_loss=0.896724 | best_val_loss=0.896724 | best_epoch=27 | patience=0/5
[TAS 2006 | Double Head] epoch 28/50 | train_loss=0.084875 | val_loss=0.886918 | best_val_loss=0.886918 | best_epoch=28 | patience=0/5
[TAS 2006 | Double Head] epoch 29/50 | train_loss=0.021542 | val_loss=0.853641 | best_val_loss=0.853641 | best_epoch=29 | patience=0/5
[TAS 2006 | Double Head] epoch 30/50 | train_loss=0.002582 | val_loss=0.854208 | best_val_loss=0.853641 | best_epoch=29 | patience=1/5
[TAS 2006 | Double Head] epoch 31/50 | train_loss=0.003837 | val_loss=0.848274 | best_val_loss=0.848274 | best_epoch=31 | patience=0/5
[TAS 2006 | Double Head] epoch 32/50 | train_loss=0.003820 | val_loss=0.849096 | best_val_loss=0.848274 | best_epoch=31 | patience=1/5
[TAS 2006 | Double Head] epoch 33/50 | train_loss=0.006176 | val_loss=0.836670 | best_val_loss=0.836670 | best_epoch=33 | patience=0/5
[TAS 2006 | Double Head] epoch 34/50 | train_loss=0.002810 | val_loss=0.814905 | best_val_loss=0.814905 | best_epoch=34 | patience=0/5
[TAS 2006 | Double Head] epoch 35/50 | train_loss=0.003949 | val_loss=0.823047 | best_val_loss=0.814905 | best_epoch=34 | patience=1/5
[TAS 2006 | Double Head] epoch 36/50 | train_loss=0.002522 | val_loss=0.819287 | best_val_loss=0.814905 | best_epoch=34 | patience=2/5
[TAS 2006 | Double Head] epoch 37/50 | train_loss=0.002350 | val_loss=0.814149 | best_val_loss=0.814149 | best_epoch=37 | patience=0/5
[TAS 2006 | Double Head] epoch 38/50 | train_loss=0.002760 | val_loss=0.799920 | best_val_loss=0.799920 | best_epoch=38 | patience=0/5
[TAS 2006 | Double Head] epoch 39/50 | train_loss=0.003126 | val_loss=0.825913 | best_val_loss=0.799920 | best_epoch=38 | patience=1/5
[TAS 2006 | Double Head] epoch 40/50 | train_loss=0.006582 | val_loss=0.849996 | best_val_loss=0.799920 | best_epoch=38 | patience=2/5
[TAS 2006 | Double Head] epoch 41/50 | train_loss=0.002149 | val_loss=0.832088 | best_val_loss=0.799920 | best_epoch=38 | patience=3/5
[TAS 2006 | Double Head] epoch 42/50 | train_loss=0.004481 | val_loss=0.837701 | best_val_loss=0.799920 | best_epoch=38 | patience=4/5
[TAS 2006 | Double Head] epoch 43/50 | train_loss=0.003000 | val_loss=0.814151 | best_val_loss=0.799920 | best_epoch=38 | patience=5/5
[TAS 2006 | Double Head] EARLY STOP at epoch 43 | best_epoch=38 | best_val_loss=0.799920
[TAS 2006 | Double Head] TRAINING FINISHED | executed_epochs=43 | best_epoch=38 | best_val_loss=0.799920 | stopped_early=True

================================================================================
Supervised TAS reference | year 2007
================================================================================

TAS supervised Single Head | fine-tuning year 2007 | train_n=169 | val_n=25
[TAS 2007 | Single Head] epoch 1/50 | train_loss=0.108703 | val_loss=0.031524 | best_val_loss=0.031524 | best_epoch=1 | patience=0/5
[TAS 2007 | Single Head] epoch 2/50 | train_loss=0.066219 | val_loss=0.030027 | best_val_loss=0.030027 | best_epoch=2 | patience=0/5
[TAS 2007 | Single Head] epoch 3/50 | train_loss=0.028578 | val_loss=0.030679 | best_val_loss=0.030027 | best_epoch=2 | patience=1/5
[TAS 2007 | Single Head] epoch 4/50 | train_loss=0.029403 | val_loss=0.031272 | best_val_loss=0.030027 | best_epoch=2 | patience=2/5
[TAS 2007 | Single Head] epoch 5/50 | train_loss=0.035702 | val_loss=0.025423 | best_val_loss=0.025423 | best_epoch=5 | patience=0/5
[TAS 2007 | Single Head] epoch 6/50 | train_loss=0.029534 | val_loss=0.019299 | best_val_loss=0.019299 | best_epoch=6 | patience=0/5
[TAS 2007 | Single Head] epoch 7/50 | train_loss=0.014933 | val_loss=0.016184 | best_val_loss=0.016184 | best_epoch=7 | patience=0/5
[TAS 2007 | Single Head] epoch 8/50 | train_loss=0.009276 | val_loss=0.015585 | best_val_loss=0.015585 | best_epoch=8 | patience=0/5
[TAS 2007 | Single Head] epoch 9/50 | train_loss=0.010482 | val_loss=0.012242 | best_val_loss=0.012242 | best_epoch=9 | patience=0/5
[TAS 2007 | Single Head] epoch 10/50 | train_loss=0.008557 | val_loss=0.008926 | best_val_loss=0.008926 | best_epoch=10 | patience=0/5
[TAS 2007 | Single Head] epoch 11/50 | train_loss=0.004982 | val_loss=0.009885 | best_val_loss=0.008926 | best_epoch=10 | patience=1/5
[TAS 2007 | Single Head] epoch 12/50 | train_loss=0.008827 | val_loss=0.008450 | best_val_loss=0.008450 | best_epoch=12 | patience=0/5
[TAS 2007 | Single Head] epoch 13/50 | train_loss=0.017787 | val_loss=0.009633 | best_val_loss=0.008450 | best_epoch=12 | patience=1/5
[TAS 2007 | Single Head] epoch 14/50 | train_loss=0.008025 | val_loss=0.015986 | best_val_loss=0.008450 | best_epoch=12 | patience=2/5
[TAS 2007 | Single Head] epoch 15/50 | train_loss=0.027249 | val_loss=0.021225 | best_val_loss=0.008450 | best_epoch=12 | patience=3/5
[TAS 2007 | Single Head] epoch 16/50 | train_loss=0.014366 | val_loss=0.024123 | best_val_loss=0.008450 | best_epoch=12 | patience=4/5
[TAS 2007 | Single Head] epoch 17/50 | train_loss=0.010663 | val_loss=0.021691 | best_val_loss=0.008450 | best_epoch=12 | patience=5/5
[TAS 2007 | Single Head] EARLY STOP at epoch 17 | best_epoch=12 | best_val_loss=0.008450
[TAS 2007 | Single Head] TRAINING FINISHED | executed_epochs=17 | best_epoch=12 | best_val_loss=0.008450 | stopped_early=True

TAS supervised Double Head | fine-tuning year 2007 | train_n=169 | val_n=25
[TAS 2007 | Double Head] epoch 1/50 | train_loss=0.848900 | val_loss=0.542017 | best_val_loss=0.542017 | best_epoch=1 | patience=0/5
[TAS 2007 | Double Head] epoch 2/50 | train_loss=0.444806 | val_loss=0.282980 | best_val_loss=0.282980 | best_epoch=2 | patience=0/5
[TAS 2007 | Double Head] epoch 3/50 | train_loss=0.133600 | val_loss=0.130605 | best_val_loss=0.130605 | best_epoch=3 | patience=0/5
[TAS 2007 | Double Head] epoch 4/50 | train_loss=0.090080 | val_loss=0.122744 | best_val_loss=0.122744 | best_epoch=4 | patience=0/5
[TAS 2007 | Double Head] epoch 5/50 | train_loss=0.038205 | val_loss=0.114582 | best_val_loss=0.114582 | best_epoch=5 | patience=0/5
[TAS 2007 | Double Head] epoch 6/50 | train_loss=0.030995 | val_loss=0.100347 | best_val_loss=0.100347 | best_epoch=6 | patience=0/5
[TAS 2007 | Double Head] epoch 7/50 | train_loss=0.023734 | val_loss=0.099091 | best_val_loss=0.099091 | best_epoch=7 | patience=0/5
[TAS 2007 | Double Head] epoch 8/50 | train_loss=0.096374 | val_loss=0.094885 | best_val_loss=0.094885 | best_epoch=8 | patience=0/5
[TAS 2007 | Double Head] epoch 9/50 | train_loss=0.030864 | val_loss=0.101768 | best_val_loss=0.094885 | best_epoch=8 | patience=1/5
[TAS 2007 | Double Head] epoch 10/50 | train_loss=0.021370 | val_loss=0.103946 | best_val_loss=0.094885 | best_epoch=8 | patience=2/5
[TAS 2007 | Double Head] epoch 11/50 | train_loss=0.029846 | val_loss=0.075109 | best_val_loss=0.075109 | best_epoch=11 | patience=0/5
[TAS 2007 | Double Head] epoch 12/50 | train_loss=0.014260 | val_loss=0.081381 | best_val_loss=0.075109 | best_epoch=11 | patience=1/5
[TAS 2007 | Double Head] epoch 13/50 | train_loss=0.013201 | val_loss=0.077970 | best_val_loss=0.075109 | best_epoch=11 | patience=2/5
[TAS 2007 | Double Head] epoch 14/50 | train_loss=0.012622 | val_loss=0.079292 | best_val_loss=0.075109 | best_epoch=11 | patience=3/5
[TAS 2007 | Double Head] epoch 15/50 | train_loss=0.012905 | val_loss=0.066521 | best_val_loss=0.066521 | best_epoch=15 | patience=0/5
[TAS 2007 | Double Head] epoch 16/50 | train_loss=0.014988 | val_loss=0.068112 | best_val_loss=0.066521 | best_epoch=15 | patience=1/5
[TAS 2007 | Double Head] epoch 17/50 | train_loss=0.013649 | val_loss=0.062953 | best_val_loss=0.062953 | best_epoch=17 | patience=0/5
[TAS 2007 | Double Head] epoch 18/50 | train_loss=0.009293 | val_loss=0.062014 | best_val_loss=0.062014 | best_epoch=18 | patience=0/5
[TAS 2007 | Double Head] epoch 19/50 | train_loss=0.009445 | val_loss=0.059220 | best_val_loss=0.059220 | best_epoch=19 | patience=0/5
[TAS 2007 | Double Head] epoch 20/50 | train_loss=0.009227 | val_loss=0.051984 | best_val_loss=0.051984 | best_epoch=20 | patience=0/5
[TAS 2007 | Double Head] epoch 21/50 | train_loss=0.014993 | val_loss=0.051820 | best_val_loss=0.051820 | best_epoch=21 | patience=0/5
[TAS 2007 | Double Head] epoch 22/50 | train_loss=0.016904 | val_loss=0.054256 | best_val_loss=0.051820 | best_epoch=21 | patience=1/5
[TAS 2007 | Double Head] epoch 23/50 | train_loss=0.006397 | val_loss=0.064403 | best_val_loss=0.051820 | best_epoch=21 | patience=2/5
[TAS 2007 | Double Head] epoch 24/50 | train_loss=0.006878 | val_loss=0.069936 | best_val_loss=0.051820 | best_epoch=21 | patience=3/5
[TAS 2007 | Double Head] epoch 25/50 | train_loss=0.013994 | val_loss=0.070950 | best_val_loss=0.051820 | best_epoch=21 | patience=4/5
[TAS 2007 | Double Head] epoch 26/50 | train_loss=0.010025 | val_loss=0.068326 | best_val_loss=0.051820 | best_epoch=21 | patience=5/5
[TAS 2007 | Double Head] EARLY STOP at epoch 26 | best_epoch=21 | best_val_loss=0.051820
[TAS 2007 | Double Head] TRAINING FINISHED | executed_epochs=26 | best_epoch=21 | best_val_loss=0.051820 | stopped_early=True

================================================================================
Supervised TAS reference | year 2008
================================================================================

TAS supervised Single Head | fine-tuning year 2008 | train_n=213 | val_n=31
[TAS 2008 | Single Head] epoch 1/50 | train_loss=0.131798 | val_loss=0.077861 | best_val_loss=0.077861 | best_epoch=1 | patience=0/5
[TAS 2008 | Single Head] epoch 2/50 | train_loss=0.080018 | val_loss=0.065496 | best_val_loss=0.065496 | best_epoch=2 | patience=0/5
[TAS 2008 | Single Head] epoch 3/50 | train_loss=0.039073 | val_loss=0.093646 | best_val_loss=0.065496 | best_epoch=2 | patience=1/5
[TAS 2008 | Single Head] epoch 4/50 | train_loss=0.021519 | val_loss=0.083258 | best_val_loss=0.065496 | best_epoch=2 | patience=2/5
[TAS 2008 | Single Head] epoch 5/50 | train_loss=0.024597 | val_loss=0.090095 | best_val_loss=0.065496 | best_epoch=2 | patience=3/5
[TAS 2008 | Single Head] epoch 6/50 | train_loss=0.016169 | val_loss=0.118765 | best_val_loss=0.065496 | best_epoch=2 | patience=4/5
[TAS 2008 | Single Head] epoch 7/50 | train_loss=0.022816 | val_loss=0.138773 | best_val_loss=0.065496 | best_epoch=2 | patience=5/5
[TAS 2008 | Single Head] EARLY STOP at epoch 7 | best_epoch=2 | best_val_loss=0.065496
[TAS 2008 | Single Head] TRAINING FINISHED | executed_epochs=7 | best_epoch=2 | best_val_loss=0.065496 | stopped_early=True

TAS supervised Double Head | fine-tuning year 2008 | train_n=213 | val_n=31
[TAS 2008 | Double Head] epoch 1/50 | train_loss=0.743849 | val_loss=0.462207 | best_val_loss=0.462207 | best_epoch=1 | patience=0/5
[TAS 2008 | Double Head] epoch 2/50 | train_loss=0.290843 | val_loss=0.343438 | best_val_loss=0.343438 | best_epoch=2 | patience=0/5
[TAS 2008 | Double Head] epoch 3/50 | train_loss=0.174173 | val_loss=0.304391 | best_val_loss=0.304391 | best_epoch=3 | patience=0/5
[TAS 2008 | Double Head] epoch 4/50 | train_loss=0.072760 | val_loss=0.297339 | best_val_loss=0.297339 | best_epoch=4 | patience=0/5
[TAS 2008 | Double Head] epoch 5/50 | train_loss=0.048262 | val_loss=0.292877 | best_val_loss=0.292877 | best_epoch=5 | patience=0/5
[TAS 2008 | Double Head] epoch 6/50 | train_loss=0.042941 | val_loss=0.305981 | best_val_loss=0.292877 | best_epoch=5 | patience=1/5
[TAS 2008 | Double Head] epoch 7/50 | train_loss=0.033794 | val_loss=0.311204 | best_val_loss=0.292877 | best_epoch=5 | patience=2/5
[TAS 2008 | Double Head] epoch 8/50 | train_loss=0.037642 | val_loss=0.281264 | best_val_loss=0.281264 | best_epoch=8 | patience=0/5
[TAS 2008 | Double Head] epoch 9/50 | train_loss=0.027134 | val_loss=0.278500 | best_val_loss=0.278500 | best_epoch=9 | patience=0/5
[TAS 2008 | Double Head] epoch 10/50 | train_loss=0.014457 | val_loss=0.292754 | best_val_loss=0.278500 | best_epoch=9 | patience=1/5
[TAS 2008 | Double Head] epoch 11/50 | train_loss=0.018505 | val_loss=0.329313 | best_val_loss=0.278500 | best_epoch=9 | patience=2/5
[TAS 2008 | Double Head] epoch 12/50 | train_loss=0.016196 | val_loss=0.350767 | best_val_loss=0.278500 | best_epoch=9 | patience=3/5
[TAS 2008 | Double Head] epoch 13/50 | train_loss=0.018439 | val_loss=0.364433 | best_val_loss=0.278500 | best_epoch=9 | patience=4/5
[TAS 2008 | Double Head] epoch 14/50 | train_loss=0.035367 | val_loss=0.389233 | best_val_loss=0.278500 | best_epoch=9 | patience=5/5
[TAS 2008 | Double Head] EARLY STOP at epoch 14 | best_epoch=9 | best_val_loss=0.278500
[TAS 2008 | Double Head] TRAINING FINISHED | executed_epochs=14 | best_epoch=9 | best_val_loss=0.278500 | stopped_early=True

================================================================================
Supervised TAS reference | year 2009
================================================================================

TAS supervised Single Head | fine-tuning year 2009 | train_n=353 | val_n=51
[TAS 2009 | Single Head] epoch 1/50 | train_loss=0.129600 | val_loss=0.354687 | best_val_loss=0.354687 | best_epoch=1 | patience=0/5
[TAS 2009 | Single Head] epoch 2/50 | train_loss=0.077481 | val_loss=0.269453 | best_val_loss=0.269453 | best_epoch=2 | patience=0/5
[TAS 2009 | Single Head] epoch 3/50 | train_loss=0.044171 | val_loss=0.226756 | best_val_loss=0.226756 | best_epoch=3 | patience=0/5
[TAS 2009 | Single Head] epoch 4/50 | train_loss=0.026873 | val_loss=0.188526 | best_val_loss=0.188526 | best_epoch=4 | patience=0/5
[TAS 2009 | Single Head] epoch 5/50 | train_loss=0.012034 | val_loss=0.159554 | best_val_loss=0.159554 | best_epoch=5 | patience=0/5
[TAS 2009 | Single Head] epoch 6/50 | train_loss=0.015542 | val_loss=0.160721 | best_val_loss=0.159554 | best_epoch=5 | patience=1/5
[TAS 2009 | Single Head] epoch 7/50 | train_loss=0.016052 | val_loss=0.163207 | best_val_loss=0.159554 | best_epoch=5 | patience=2/5
[TAS 2009 | Single Head] epoch 8/50 | train_loss=0.017480 | val_loss=0.151642 | best_val_loss=0.151642 | best_epoch=8 | patience=0/5
[TAS 2009 | Single Head] epoch 9/50 | train_loss=0.010971 | val_loss=0.148085 | best_val_loss=0.148085 | best_epoch=9 | patience=0/5
[TAS 2009 | Single Head] epoch 10/50 | train_loss=0.010107 | val_loss=0.154539 | best_val_loss=0.148085 | best_epoch=9 | patience=1/5
[TAS 2009 | Single Head] epoch 11/50 | train_loss=0.008568 | val_loss=0.152460 | best_val_loss=0.148085 | best_epoch=9 | patience=2/5
[TAS 2009 | Single Head] epoch 12/50 | train_loss=0.008330 | val_loss=0.141442 | best_val_loss=0.141442 | best_epoch=12 | patience=0/5
[TAS 2009 | Single Head] epoch 13/50 | train_loss=0.008402 | val_loss=0.138085 | best_val_loss=0.138085 | best_epoch=13 | patience=0/5
[TAS 2009 | Single Head] epoch 14/50 | train_loss=0.006599 | val_loss=0.134140 | best_val_loss=0.134140 | best_epoch=14 | patience=0/5
[TAS 2009 | Single Head] epoch 15/50 | train_loss=0.006151 | val_loss=0.138306 | best_val_loss=0.134140 | best_epoch=14 | patience=1/5
[TAS 2009 | Single Head] epoch 16/50 | train_loss=0.005230 | val_loss=0.143507 | best_val_loss=0.134140 | best_epoch=14 | patience=2/5
[TAS 2009 | Single Head] epoch 17/50 | train_loss=0.008608 | val_loss=0.147315 | best_val_loss=0.134140 | best_epoch=14 | patience=3/5
[TAS 2009 | Single Head] epoch 18/50 | train_loss=0.003460 | val_loss=0.144074 | best_val_loss=0.134140 | best_epoch=14 | patience=4/5
[TAS 2009 | Single Head] epoch 19/50 | train_loss=0.005651 | val_loss=0.138633 | best_val_loss=0.134140 | best_epoch=14 | patience=5/5
[TAS 2009 | Single Head] EARLY STOP at epoch 19 | best_epoch=14 | best_val_loss=0.134140
[TAS 2009 | Single Head] TRAINING FINISHED | executed_epochs=19 | best_epoch=14 | best_val_loss=0.134140 | stopped_early=True

TAS supervised Double Head | fine-tuning year 2009 | train_n=353 | val_n=51
[TAS 2009 | Double Head] epoch 1/50 | train_loss=0.797195 | val_loss=0.630475 | best_val_loss=0.630475 | best_epoch=1 | patience=0/5
[TAS 2009 | Double Head] epoch 2/50 | train_loss=0.257200 | val_loss=0.402358 | best_val_loss=0.402358 | best_epoch=2 | patience=0/5
[TAS 2009 | Double Head] epoch 3/50 | train_loss=0.110270 | val_loss=0.278023 | best_val_loss=0.278023 | best_epoch=3 | patience=0/5
[TAS 2009 | Double Head] epoch 4/50 | train_loss=0.071893 | val_loss=0.255335 | best_val_loss=0.255335 | best_epoch=4 | patience=0/5
[TAS 2009 | Double Head] epoch 5/50 | train_loss=0.047345 | val_loss=0.248593 | best_val_loss=0.248593 | best_epoch=5 | patience=0/5
[TAS 2009 | Double Head] epoch 6/50 | train_loss=0.047684 | val_loss=0.242701 | best_val_loss=0.242701 | best_epoch=6 | patience=0/5
[TAS 2009 | Double Head] epoch 7/50 | train_loss=0.027726 | val_loss=0.236489 | best_val_loss=0.236489 | best_epoch=7 | patience=0/5
[TAS 2009 | Double Head] epoch 8/50 | train_loss=0.025815 | val_loss=0.231526 | best_val_loss=0.231526 | best_epoch=8 | patience=0/5
[TAS 2009 | Double Head] epoch 9/50 | train_loss=0.032493 | val_loss=0.229435 | best_val_loss=0.229435 | best_epoch=9 | patience=0/5
[TAS 2009 | Double Head] epoch 10/50 | train_loss=0.023448 | val_loss=0.237065 | best_val_loss=0.229435 | best_epoch=9 | patience=1/5
[TAS 2009 | Double Head] epoch 11/50 | train_loss=0.016917 | val_loss=0.232713 | best_val_loss=0.229435 | best_epoch=9 | patience=2/5
[TAS 2009 | Double Head] epoch 12/50 | train_loss=0.013205 | val_loss=0.224169 | best_val_loss=0.224169 | best_epoch=12 | patience=0/5
[TAS 2009 | Double Head] epoch 13/50 | train_loss=0.022498 | val_loss=0.232313 | best_val_loss=0.224169 | best_epoch=12 | patience=1/5
[TAS 2009 | Double Head] epoch 14/50 | train_loss=0.011877 | val_loss=0.227361 | best_val_loss=0.224169 | best_epoch=12 | patience=2/5
[TAS 2009 | Double Head] epoch 15/50 | train_loss=0.010184 | val_loss=0.224407 | best_val_loss=0.224169 | best_epoch=12 | patience=3/5
[TAS 2009 | Double Head] epoch 16/50 | train_loss=0.008462 | val_loss=0.227156 | best_val_loss=0.224169 | best_epoch=12 | patience=4/5
[TAS 2009 | Double Head] epoch 17/50 | train_loss=0.011385 | val_loss=0.233093 | best_val_loss=0.224169 | best_epoch=12 | patience=5/5
[TAS 2009 | Double Head] EARLY STOP at epoch 17 | best_epoch=12 | best_val_loss=0.224169
[TAS 2009 | Double Head] TRAINING FINISHED | executed_epochs=17 | best_epoch=12 | best_val_loss=0.224169 | stopped_early=True

================================================================================
Supervised TAS reference | year 2010
================================================================================

TAS supervised Single Head | fine-tuning year 2010 | train_n=364 | val_n=52
[TAS 2010 | Single Head] epoch 1/50 | train_loss=0.139364 | val_loss=0.064528 | best_val_loss=0.064528 | best_epoch=1 | patience=0/5
[TAS 2010 | Single Head] epoch 2/50 | train_loss=0.040945 | val_loss=0.077209 | best_val_loss=0.064528 | best_epoch=1 | patience=1/5
[TAS 2010 | Single Head] epoch 3/50 | train_loss=0.016667 | val_loss=0.036908 | best_val_loss=0.036908 | best_epoch=3 | patience=0/5
[TAS 2010 | Single Head] epoch 4/50 | train_loss=0.017221 | val_loss=0.033091 | best_val_loss=0.033091 | best_epoch=4 | patience=0/5
[TAS 2010 | Single Head] epoch 5/50 | train_loss=0.012159 | val_loss=0.041152 | best_val_loss=0.033091 | best_epoch=4 | patience=1/5
[TAS 2010 | Single Head] epoch 6/50 | train_loss=0.008196 | val_loss=0.035643 | best_val_loss=0.033091 | best_epoch=4 | patience=2/5
[TAS 2010 | Single Head] epoch 7/50 | train_loss=0.009067 | val_loss=0.026662 | best_val_loss=0.026662 | best_epoch=7 | patience=0/5
[TAS 2010 | Single Head] epoch 8/50 | train_loss=0.011381 | val_loss=0.023262 | best_val_loss=0.023262 | best_epoch=8 | patience=0/5
[TAS 2010 | Single Head] epoch 9/50 | train_loss=0.004084 | val_loss=0.026195 | best_val_loss=0.023262 | best_epoch=8 | patience=1/5
[TAS 2010 | Single Head] epoch 10/50 | train_loss=0.010894 | val_loss=0.024182 | best_val_loss=0.023262 | best_epoch=8 | patience=2/5
[TAS 2010 | Single Head] epoch 11/50 | train_loss=0.004155 | val_loss=0.024423 | best_val_loss=0.023262 | best_epoch=8 | patience=3/5
[TAS 2010 | Single Head] epoch 12/50 | train_loss=0.003405 | val_loss=0.020208 | best_val_loss=0.020208 | best_epoch=12 | patience=0/5
[TAS 2010 | Single Head] epoch 13/50 | train_loss=0.003495 | val_loss=0.022710 | best_val_loss=0.020208 | best_epoch=12 | patience=1/5
[TAS 2010 | Single Head] epoch 14/50 | train_loss=0.004864 | val_loss=0.026910 | best_val_loss=0.020208 | best_epoch=12 | patience=2/5
[TAS 2010 | Single Head] epoch 15/50 | train_loss=0.004220 | val_loss=0.034250 | best_val_loss=0.020208 | best_epoch=12 | patience=3/5
[TAS 2010 | Single Head] epoch 16/50 | train_loss=0.007233 | val_loss=0.022278 | best_val_loss=0.020208 | best_epoch=12 | patience=4/5
[TAS 2010 | Single Head] epoch 17/50 | train_loss=0.005150 | val_loss=0.012871 | best_val_loss=0.012871 | best_epoch=17 | patience=0/5
[TAS 2010 | Single Head] epoch 18/50 | train_loss=0.004241 | val_loss=0.019957 | best_val_loss=0.012871 | best_epoch=17 | patience=1/5
[TAS 2010 | Single Head] epoch 19/50 | train_loss=0.003865 | val_loss=0.028823 | best_val_loss=0.012871 | best_epoch=17 | patience=2/5
[TAS 2010 | Single Head] epoch 20/50 | train_loss=0.005348 | val_loss=0.027548 | best_val_loss=0.012871 | best_epoch=17 | patience=3/5
[TAS 2010 | Single Head] epoch 21/50 | train_loss=0.003303 | val_loss=0.028327 | best_val_loss=0.012871 | best_epoch=17 | patience=4/5
[TAS 2010 | Single Head] epoch 22/50 | train_loss=0.002748 | val_loss=0.022829 | best_val_loss=0.012871 | best_epoch=17 | patience=5/5
[TAS 2010 | Single Head] EARLY STOP at epoch 22 | best_epoch=17 | best_val_loss=0.012871
[TAS 2010 | Single Head] TRAINING FINISHED | executed_epochs=22 | best_epoch=17 | best_val_loss=0.012871 | stopped_early=True

TAS supervised Double Head | fine-tuning year 2010 | train_n=364 | val_n=52
[TAS 2010 | Double Head] epoch 1/50 | train_loss=0.666854 | val_loss=0.882892 | best_val_loss=0.882892 | best_epoch=1 | patience=0/5
[TAS 2010 | Double Head] epoch 2/50 | train_loss=0.149661 | val_loss=0.321234 | best_val_loss=0.321234 | best_epoch=2 | patience=0/5
[TAS 2010 | Double Head] epoch 3/50 | train_loss=0.055047 | val_loss=0.096558 | best_val_loss=0.096558 | best_epoch=3 | patience=0/5
[TAS 2010 | Double Head] epoch 4/50 | train_loss=0.033358 | val_loss=0.052380 | best_val_loss=0.052380 | best_epoch=4 | patience=0/5
[TAS 2010 | Double Head] epoch 5/50 | train_loss=0.026519 | val_loss=0.038899 | best_val_loss=0.038899 | best_epoch=5 | patience=0/5
[TAS 2010 | Double Head] epoch 6/50 | train_loss=0.024777 | val_loss=0.041214 | best_val_loss=0.038899 | best_epoch=5 | patience=1/5
[TAS 2010 | Double Head] epoch 7/50 | train_loss=0.020469 | val_loss=0.050499 | best_val_loss=0.038899 | best_epoch=5 | patience=2/5
[TAS 2010 | Double Head] epoch 8/50 | train_loss=0.013283 | val_loss=0.049407 | best_val_loss=0.038899 | best_epoch=5 | patience=3/5
[TAS 2010 | Double Head] epoch 9/50 | train_loss=0.016824 | val_loss=0.049905 | best_val_loss=0.038899 | best_epoch=5 | patience=4/5
[TAS 2010 | Double Head] epoch 10/50 | train_loss=0.012915 | val_loss=0.044098 | best_val_loss=0.038899 | best_epoch=5 | patience=5/5
[TAS 2010 | Double Head] EARLY STOP at epoch 10 | best_epoch=5 | best_val_loss=0.038899
[TAS 2010 | Double Head] TRAINING FINISHED | executed_epochs=10 | best_epoch=5 | best_val_loss=0.038899 | stopped_early=True

================================================================================
Supervised TAS reference | year 2011
================================================================================

TAS supervised Single Head | fine-tuning year 2011 | train_n=60 | val_n=9
[TAS 2011 | Single Head] epoch 1/50 | train_loss=0.098439 | val_loss=0.278502 | best_val_loss=0.278502 | best_epoch=1 | patience=0/5
[TAS 2011 | Single Head] epoch 2/50 | train_loss=0.085562 | val_loss=0.282131 | best_val_loss=0.278502 | best_epoch=1 | patience=1/5
[TAS 2011 | Single Head] epoch 3/50 | train_loss=0.033711 | val_loss=0.269256 | best_val_loss=0.269256 | best_epoch=3 | patience=0/5
[TAS 2011 | Single Head] epoch 4/50 | train_loss=0.028239 | val_loss=0.234540 | best_val_loss=0.234540 | best_epoch=4 | patience=0/5
[TAS 2011 | Single Head] epoch 5/50 | train_loss=0.007413 | val_loss=0.185182 | best_val_loss=0.185182 | best_epoch=5 | patience=0/5
[TAS 2011 | Single Head] epoch 6/50 | train_loss=0.005609 | val_loss=0.141749 | best_val_loss=0.141749 | best_epoch=6 | patience=0/5
[TAS 2011 | Single Head] epoch 7/50 | train_loss=0.005429 | val_loss=0.104383 | best_val_loss=0.104383 | best_epoch=7 | patience=0/5
[TAS 2011 | Single Head] epoch 8/50 | train_loss=0.003567 | val_loss=0.075627 | best_val_loss=0.075627 | best_epoch=8 | patience=0/5
[TAS 2011 | Single Head] epoch 9/50 | train_loss=0.002750 | val_loss=0.055902 | best_val_loss=0.055902 | best_epoch=9 | patience=0/5
[TAS 2011 | Single Head] epoch 10/50 | train_loss=0.004438 | val_loss=0.041683 | best_val_loss=0.041683 | best_epoch=10 | patience=0/5
[TAS 2011 | Single Head] epoch 11/50 | train_loss=0.004559 | val_loss=0.032028 | best_val_loss=0.032028 | best_epoch=11 | patience=0/5
[TAS 2011 | Single Head] epoch 12/50 | train_loss=0.001545 | val_loss=0.025487 | best_val_loss=0.025487 | best_epoch=12 | patience=0/5
[TAS 2011 | Single Head] epoch 13/50 | train_loss=0.002142 | val_loss=0.021661 | best_val_loss=0.021661 | best_epoch=13 | patience=0/5
[TAS 2011 | Single Head] epoch 14/50 | train_loss=0.004452 | val_loss=0.017810 | best_val_loss=0.017810 | best_epoch=14 | patience=0/5
[TAS 2011 | Single Head] epoch 15/50 | train_loss=0.001527 | val_loss=0.015547 | best_val_loss=0.015547 | best_epoch=15 | patience=0/5
[TAS 2011 | Single Head] epoch 16/50 | train_loss=0.002060 | val_loss=0.013487 | best_val_loss=0.013487 | best_epoch=16 | patience=0/5
[TAS 2011 | Single Head] epoch 17/50 | train_loss=0.001623 | val_loss=0.012366 | best_val_loss=0.012366 | best_epoch=17 | patience=0/5
[TAS 2011 | Single Head] epoch 18/50 | train_loss=0.001487 | val_loss=0.011286 | best_val_loss=0.011286 | best_epoch=18 | patience=0/5
[TAS 2011 | Single Head] epoch 19/50 | train_loss=0.001482 | val_loss=0.010721 | best_val_loss=0.010721 | best_epoch=19 | patience=0/5
[TAS 2011 | Single Head] epoch 20/50 | train_loss=0.005772 | val_loss=0.009471 | best_val_loss=0.009471 | best_epoch=20 | patience=0/5
[TAS 2011 | Single Head] epoch 21/50 | train_loss=0.001101 | val_loss=0.009003 | best_val_loss=0.009003 | best_epoch=21 | patience=0/5
[TAS 2011 | Single Head] epoch 22/50 | train_loss=0.002269 | val_loss=0.008431 | best_val_loss=0.008431 | best_epoch=22 | patience=0/5
[TAS 2011 | Single Head] epoch 23/50 | train_loss=0.003169 | val_loss=0.008390 | best_val_loss=0.008431 | best_epoch=22 | patience=1/5
[TAS 2011 | Single Head] epoch 24/50 | train_loss=0.001006 | val_loss=0.008096 | best_val_loss=0.008096 | best_epoch=24 | patience=0/5
[TAS 2011 | Single Head] epoch 25/50 | train_loss=0.000900 | val_loss=0.007832 | best_val_loss=0.007832 | best_epoch=25 | patience=0/5
[TAS 2011 | Single Head] epoch 26/50 | train_loss=0.000852 | val_loss=0.007687 | best_val_loss=0.007687 | best_epoch=26 | patience=0/5
[TAS 2011 | Single Head] epoch 27/50 | train_loss=0.001377 | val_loss=0.007306 | best_val_loss=0.007306 | best_epoch=27 | patience=0/5
[TAS 2011 | Single Head] epoch 28/50 | train_loss=0.000960 | val_loss=0.007267 | best_val_loss=0.007306 | best_epoch=27 | patience=1/5
[TAS 2011 | Single Head] epoch 29/50 | train_loss=0.000878 | val_loss=0.007120 | best_val_loss=0.007120 | best_epoch=29 | patience=0/5
[TAS 2011 | Single Head] epoch 30/50 | train_loss=0.001719 | val_loss=0.007316 | best_val_loss=0.007120 | best_epoch=29 | patience=1/5
[TAS 2011 | Single Head] epoch 31/50 | train_loss=0.001448 | val_loss=0.007029 | best_val_loss=0.007120 | best_epoch=29 | patience=2/5
[TAS 2011 | Single Head] epoch 32/50 | train_loss=0.004852 | val_loss=0.007253 | best_val_loss=0.007120 | best_epoch=29 | patience=3/5
[TAS 2011 | Single Head] epoch 33/50 | train_loss=0.001195 | val_loss=0.007287 | best_val_loss=0.007120 | best_epoch=29 | patience=4/5
[TAS 2011 | Single Head] epoch 34/50 | train_loss=0.000660 | val_loss=0.007148 | best_val_loss=0.007120 | best_epoch=29 | patience=5/5
[TAS 2011 | Single Head] EARLY STOP at epoch 34 | best_epoch=29 | best_val_loss=0.007120
[TAS 2011 | Single Head] TRAINING FINISHED | executed_epochs=34 | best_epoch=29 | best_val_loss=0.007120 | stopped_early=True

TAS supervised Double Head | fine-tuning year 2011 | train_n=60 | val_n=9
[TAS 2011 | Double Head] epoch 1/50 | train_loss=0.915859 | val_loss=0.258910 | best_val_loss=0.258910 | best_epoch=1 | patience=0/5
[TAS 2011 | Double Head] epoch 2/50 | train_loss=0.800329 | val_loss=0.410063 | best_val_loss=0.258910 | best_epoch=1 | patience=1/5
[TAS 2011 | Double Head] epoch 3/50 | train_loss=0.685734 | val_loss=0.543584 | best_val_loss=0.258910 | best_epoch=1 | patience=2/5
[TAS 2011 | Double Head] epoch 4/50 | train_loss=0.449375 | val_loss=0.663774 | best_val_loss=0.258910 | best_epoch=1 | patience=3/5
[TAS 2011 | Double Head] epoch 5/50 | train_loss=0.393486 | val_loss=0.751028 | best_val_loss=0.258910 | best_epoch=1 | patience=4/5
[TAS 2011 | Double Head] epoch 6/50 | train_loss=0.261418 | val_loss=0.870946 | best_val_loss=0.258910 | best_epoch=1 | patience=5/5
[TAS 2011 | Double Head] EARLY STOP at epoch 6 | best_epoch=1 | best_val_loss=0.258910
[TAS 2011 | Double Head] TRAINING FINISHED | executed_epochs=6 | best_epoch=1 | best_val_loss=0.258910 | stopped_early=True

================================================================================
Supervised TAS reference | year 2012
================================================================================

TAS supervised Single Head | fine-tuning year 2012 | train_n=87 | val_n=13
[TAS 2012 | Single Head] epoch 1/50 | train_loss=0.171388 | val_loss=0.017952 | best_val_loss=0.017952 | best_epoch=1 | patience=0/5
[TAS 2012 | Single Head] epoch 2/50 | train_loss=0.125427 | val_loss=0.012138 | best_val_loss=0.012138 | best_epoch=2 | patience=0/5
[TAS 2012 | Single Head] epoch 3/50 | train_loss=0.111783 | val_loss=0.009647 | best_val_loss=0.009647 | best_epoch=3 | patience=0/5
[TAS 2012 | Single Head] epoch 4/50 | train_loss=0.065130 | val_loss=0.010836 | best_val_loss=0.009647 | best_epoch=3 | patience=1/5
[TAS 2012 | Single Head] epoch 5/50 | train_loss=0.034041 | val_loss=0.012450 | best_val_loss=0.009647 | best_epoch=3 | patience=2/5
[TAS 2012 | Single Head] epoch 6/50 | train_loss=0.018036 | val_loss=0.015591 | best_val_loss=0.009647 | best_epoch=3 | patience=3/5
[TAS 2012 | Single Head] epoch 7/50 | train_loss=0.016126 | val_loss=0.019363 | best_val_loss=0.009647 | best_epoch=3 | patience=4/5
[TAS 2012 | Single Head] epoch 8/50 | train_loss=0.006076 | val_loss=0.018892 | best_val_loss=0.009647 | best_epoch=3 | patience=5/5
[TAS 2012 | Single Head] EARLY STOP at epoch 8 | best_epoch=3 | best_val_loss=0.009647
[TAS 2012 | Single Head] TRAINING FINISHED | executed_epochs=8 | best_epoch=3 | best_val_loss=0.009647 | stopped_early=True

TAS supervised Double Head | fine-tuning year 2012 | train_n=87 | val_n=13
[TAS 2012 | Double Head] epoch 1/50 | train_loss=0.794639 | val_loss=0.347535 | best_val_loss=0.347535 | best_epoch=1 | patience=0/5
[TAS 2012 | Double Head] epoch 2/50 | train_loss=0.624598 | val_loss=0.405810 | best_val_loss=0.347535 | best_epoch=1 | patience=1/5
[TAS 2012 | Double Head] epoch 3/50 | train_loss=0.428915 | val_loss=0.403321 | best_val_loss=0.347535 | best_epoch=1 | patience=2/5
[TAS 2012 | Double Head] epoch 4/50 | train_loss=0.290547 | val_loss=0.358223 | best_val_loss=0.347535 | best_epoch=1 | patience=3/5
[TAS 2012 | Double Head] epoch 5/50 | train_loss=0.188210 | val_loss=0.311064 | best_val_loss=0.311064 | best_epoch=5 | patience=0/5
[TAS 2012 | Double Head] epoch 6/50 | train_loss=0.104872 | val_loss=0.256744 | best_val_loss=0.256744 | best_epoch=6 | patience=0/5
[TAS 2012 | Double Head] epoch 7/50 | train_loss=0.079078 | val_loss=0.210680 | best_val_loss=0.210680 | best_epoch=7 | patience=0/5
[TAS 2012 | Double Head] epoch 8/50 | train_loss=0.037122 | val_loss=0.182606 | best_val_loss=0.182606 | best_epoch=8 | patience=0/5
[TAS 2012 | Double Head] epoch 9/50 | train_loss=0.030612 | val_loss=0.160048 | best_val_loss=0.160048 | best_epoch=9 | patience=0/5
[TAS 2012 | Double Head] epoch 10/50 | train_loss=0.035015 | val_loss=0.151190 | best_val_loss=0.151190 | best_epoch=10 | patience=0/5
[TAS 2012 | Double Head] epoch 11/50 | train_loss=0.013510 | val_loss=0.140387 | best_val_loss=0.140387 | best_epoch=11 | patience=0/5
[TAS 2012 | Double Head] epoch 12/50 | train_loss=0.012971 | val_loss=0.129409 | best_val_loss=0.129409 | best_epoch=12 | patience=0/5
[TAS 2012 | Double Head] epoch 13/50 | train_loss=0.009097 | val_loss=0.120596 | best_val_loss=0.120596 | best_epoch=13 | patience=0/5
[TAS 2012 | Double Head] epoch 14/50 | train_loss=0.010477 | val_loss=0.119228 | best_val_loss=0.119228 | best_epoch=14 | patience=0/5
[TAS 2012 | Double Head] epoch 15/50 | train_loss=0.007933 | val_loss=0.116082 | best_val_loss=0.116082 | best_epoch=15 | patience=0/5
[TAS 2012 | Double Head] epoch 16/50 | train_loss=0.007444 | val_loss=0.115154 | best_val_loss=0.115154 | best_epoch=16 | patience=0/5
[TAS 2012 | Double Head] epoch 17/50 | train_loss=0.008371 | val_loss=0.115650 | best_val_loss=0.115154 | best_epoch=16 | patience=1/5
[TAS 2012 | Double Head] epoch 18/50 | train_loss=0.011837 | val_loss=0.123685 | best_val_loss=0.115154 | best_epoch=16 | patience=2/5
[TAS 2012 | Double Head] epoch 19/50 | train_loss=0.006559 | val_loss=0.128112 | best_val_loss=0.115154 | best_epoch=16 | patience=3/5
[TAS 2012 | Double Head] epoch 20/50 | train_loss=0.006802 | val_loss=0.129752 | best_val_loss=0.115154 | best_epoch=16 | patience=4/5
[TAS 2012 | Double Head] epoch 21/50 | train_loss=0.011039 | val_loss=0.130644 | best_val_loss=0.115154 | best_epoch=16 | patience=5/5
[TAS 2012 | Double Head] EARLY STOP at epoch 21 | best_epoch=16 | best_val_loss=0.115154
[TAS 2012 | Double Head] TRAINING FINISHED | executed_epochs=21 | best_epoch=16 | best_val_loss=0.115154 | stopped_early=True

================================================================================
Supervised TAS reference | year 2013
================================================================================

TAS supervised Single Head | fine-tuning year 2013 | train_n=344 | val_n=50
[TAS 2013 | Single Head] epoch 1/50 | train_loss=0.172247 | val_loss=0.300431 | best_val_loss=0.300431 | best_epoch=1 | patience=0/5
[TAS 2013 | Single Head] epoch 2/50 | train_loss=0.057995 | val_loss=0.234465 | best_val_loss=0.234465 | best_epoch=2 | patience=0/5
[TAS 2013 | Single Head] epoch 3/50 | train_loss=0.034706 | val_loss=0.124810 | best_val_loss=0.124810 | best_epoch=3 | patience=0/5
[TAS 2013 | Single Head] epoch 4/50 | train_loss=0.035484 | val_loss=0.086230 | best_val_loss=0.086230 | best_epoch=4 | patience=0/5
[TAS 2013 | Single Head] epoch 5/50 | train_loss=0.019046 | val_loss=0.068338 | best_val_loss=0.068338 | best_epoch=5 | patience=0/5
[TAS 2013 | Single Head] epoch 6/50 | train_loss=0.020269 | val_loss=0.083974 | best_val_loss=0.068338 | best_epoch=5 | patience=1/5
[TAS 2013 | Single Head] epoch 7/50 | train_loss=0.015281 | val_loss=0.082848 | best_val_loss=0.068338 | best_epoch=5 | patience=2/5
[TAS 2013 | Single Head] epoch 8/50 | train_loss=0.013994 | val_loss=0.079285 | best_val_loss=0.068338 | best_epoch=5 | patience=3/5
[TAS 2013 | Single Head] epoch 9/50 | train_loss=0.017650 | val_loss=0.096858 | best_val_loss=0.068338 | best_epoch=5 | patience=4/5
[TAS 2013 | Single Head] epoch 10/50 | train_loss=0.013266 | val_loss=0.099753 | best_val_loss=0.068338 | best_epoch=5 | patience=5/5
[TAS 2013 | Single Head] EARLY STOP at epoch 10 | best_epoch=5 | best_val_loss=0.068338
[TAS 2013 | Single Head] TRAINING FINISHED | executed_epochs=10 | best_epoch=5 | best_val_loss=0.068338 | stopped_early=True

TAS supervised Double Head | fine-tuning year 2013 | train_n=344 | val_n=50
[TAS 2013 | Double Head] epoch 1/50 | train_loss=0.890805 | val_loss=0.158875 | best_val_loss=0.158875 | best_epoch=1 | patience=0/5
[TAS 2013 | Double Head] epoch 2/50 | train_loss=0.142098 | val_loss=0.122967 | best_val_loss=0.122967 | best_epoch=2 | patience=0/5
[TAS 2013 | Double Head] epoch 3/50 | train_loss=0.064248 | val_loss=0.077490 | best_val_loss=0.077490 | best_epoch=3 | patience=0/5
[TAS 2013 | Double Head] epoch 4/50 | train_loss=0.055604 | val_loss=0.062343 | best_val_loss=0.062343 | best_epoch=4 | patience=0/5
[TAS 2013 | Double Head] epoch 5/50 | train_loss=0.036868 | val_loss=0.068509 | best_val_loss=0.062343 | best_epoch=4 | patience=1/5
[TAS 2013 | Double Head] epoch 6/50 | train_loss=0.036527 | val_loss=0.069923 | best_val_loss=0.062343 | best_epoch=4 | patience=2/5
[TAS 2013 | Double Head] epoch 7/50 | train_loss=0.024456 | val_loss=0.066175 | best_val_loss=0.062343 | best_epoch=4 | patience=3/5
[TAS 2013 | Double Head] epoch 8/50 | train_loss=0.025046 | val_loss=0.069524 | best_val_loss=0.062343 | best_epoch=4 | patience=4/5
[TAS 2013 | Double Head] epoch 9/50 | train_loss=0.023214 | val_loss=0.067487 | best_val_loss=0.062343 | best_epoch=4 | patience=5/5
[TAS 2013 | Double Head] EARLY STOP at epoch 9 | best_epoch=4 | best_val_loss=0.062343
[TAS 2013 | Double Head] TRAINING FINISHED | executed_epochs=9 | best_epoch=4 | best_val_loss=0.062343 | stopped_early=True
Results: results/yearbook/eval_stream_tas/yearbook_eval_stream_tas_20260915_095042

Run completed.
results/yearbook/eval_stream_tas/yearbook_eval_stream_tas_20260915_095042
